"id";"name";"zusatz";"restabfall";"biotonne";"papiertonne";"gelber_sack";"gruenschnitt";"del";"plz"
"2";"Abteistraße";"";"5";"6";"5";"8";"6";"";"47441"
"3";"Achterathsheideweg";"";"6";"1";"3";"9";"1";"";"47447"
"4";"Ackerstraße";"";"1";"3";"6";"4";"3";"";"47447"
"6";"Adam-Riese-Straße";"";"5";"6";"4";"5";"6";"";"47441"
"7";"Adlerstraße";"";"3";"2";"8";"9";"2";"";"47441"
"8";"Adolf-Krummacher-Straße";"";"5";"6";"2";"5";"6";"";"47441"
"9";"Agnesstraße";"";"6";"1";"3";"9";"1";"";"47447"
"10";"Ahornstraße";"";"1";"2";"1";"4";"2";"";"47447"
"11";"Akazienstraße";"";"1";"2";"1";"4";"2";"";"47506,47447"
"12";"Albert-Altwicker-Straße";"";"8";"4";"10";"6";"4";"";"47445"
"13";"Albert-Schweitzer-Straße";"";"6";"1";"3";"9";"1";"";"47447"
"14";"Albertstraße";"";"6";"1";"3";"9";"1";"";"47447"
"15";"Alexander-Bell-Straße";"";"3";"9";"14";"6";"9";"";"47445"
"16";"Alexander-Fleming-Weg";"";"6";"1";"3";"9";"1";"";"47447"
"17";"Alexanderstraße";"";"10";"5";"7";"2";"5";"";"47443"
"18";"Alex-Nöthen-Weg";"";"2";"10";"5";"7";"10";"";"47443"
"19";"Alfredstraße";"";"10";"5";"7";"5";"5";"";"47441"
"20";"Allmendestraße";"";"4";"9";"20";"10";"9";"";"47445"
"21";"Alsenstraße";"";"9";"7";"9";"7";"7";"";"47443"
"22";"Altdorferstraße";"";"1";"3";"2";"3";"3";"";"47447"
"23";"Altenbruchstraße";"";"1";"3";"6";"4";"3";"";"47447"
"24";"Alt-Hasselt-Straße";"";"9";"7";"16";"7";"7";"";"47443"
"25";"Altmarkt";"";"3";"6";"8";"9";"6";"";"47441"
"26";"Am Abelshof";"";"4";"9";"20";"10";"9";"";"47445,47475"
"27";"Am Achterrathshof";"";"6";"1";"3";"9";"1";"";"47447"
"28";"Am Agnetenhof";"";"6";"2";"1";"4";"2";"";"47447"
"29";"Am Anger";"";"8";"7";"15";"1";"7";"";"47445"
"30";"Am Bahndamm";"";"10";"10";"7";"3";"10";"";"47443"
"31";"Am Bendmannsfeld";"";"6";"1";"3";"9";"1";"";"47447"
"32";"Am Boschhof";"";"8";"4";"11";"6";"4";"";"47445"
"33";"Am Brink";"";"6";"2";"1";"4";"2";"";"47447"
"34";"Am Burgfeld";"";"1";"3";"1";"3";"3";"";"47441"
"35";"Am Domacker";"";"1";"3";"2";"3";"3";"";"47447"
"36";"Am Dorsterhof";"";"6";"1";"12";"9";"1";"";"47447"
"37";"Am Eulendyck";"";"6";"1";"3";"9";"1";"";"47447"
"38";"Am Feldrain";"";"7";"9";"5";"6";"9";"";"47445"
"39";"Am Fonderschen";"";"3";"2";"12";"9";"2";"";"47441"
"40";"Am Förtgesgraben";"";"6";"2";"1";"4";"2";"";"47447"
"41";"Am Frankenfeld";"";"7";"4";"12";"6";"4";"";"47445"
"43";"Am Fünderich";"";"3";"4";"17";"8";"4";"";"47441"
"44";"Am Geldermannshof";"";"10";"5";"7";"5";"5";"";"47441,47443"
"45";"Am Gerdtbach";"";"2";"8";"11";"1";"8";"";"47443"
"46";"Am Hasloth";"";"7";"9";"5";"6";"9";"";"47445"
"47";"Am Heckmannshof";"";"3";"2";"12";"9";"2";"";"47441"
"48";"Am Heiligen Berg";"";"1";"3";"2";"3";"3";"";"47447"
"49";"Am Holderstrauch";"";"6";"2";"1";"4";"2";"";"47447"
"50";"Am Holtmannshof";"";"6";"2";"1";"4";"2";"";"47447"
"51";"Am Hühnerort";"";"1";"5";"1";"3";"5";"";"47441,47198"
"52";"Am Hülsdonker Busch";"";"3";"2";"12";"9";"2";"";"47441"
"53";"Am Impler Berg";"";"4";"4";"20";"10";"4";"";"47445"
"54";"Am Jostenhof";"";"3";"2";"14";"8";"2";"";"47441"
"55";"Am Jungbornpark";"";"4";"9";"20";"10";"9";"";"47445"
"56";"Am Klömpkenshof";"";"1";"2";"1";"4";"2";"";"47447"
"57";"Am Kolk";"";"4";"9";"20";"10";"9";"";"47445"
"58";"Am Krähenacker";"";"2";"8";"11";"1";"8";"";"47443"
"59";"Am Meerholz";"";"4";"9";"20";"10";"9";"";"47445"
"60";"Am Meetschenhof";"";"8";"4";"11";"6";"4";"";"47445"
"61";"Am Moersbach";"";"4";"9";"20";"10";"9";"";"47445"
"62";"Am Mönk";"";"4";"9";"18";"10";"9";"";"47445"
"63";"Am Mühlenteich";"";"7";"9";"5";"6";"9";"";"47445"
"64";"Am Neukirchener Kanal";"";"3";"1";"12";"9";"1";"";"47441"
"65";"Am Pandyck";"";"10";"5";"7";"2";"5";"";"47443"
"66";"Am Pannenhof";"";"10";"5";"13";"2";"5";"";"47441"
"67";"Am Pattberg";"";"4";"4";"20";"10";"4";"";"47445"
"68";"Am Peschkenhof";"";"3";"1";"12";"9";"1";"";"47441"
"69";"Am Peterhof";"";"6";"2";"1";"4";"2";"";"47447"
"70";"Am Schrapershof";"";"1";"3";"6";"4";"3";"";"47447"
"71";"Am Schürmannshütt";"";"3";"4";"14";"8";"4";"";"47441"
"72";"Am Sportpark";"";"1";"6";"4";"3";"6";"";"47441"
"73";"Am Sportzentrum";"";"7";"9";"10";"6";"9";"";"47445"
"74";"Am Steinbrink";"";"1";"3";"6";"4";"3";"";"47447"
"75";"Am Utforter Graben";"";"8";"4";"10";"6";"4";"";"47445"
"76";"Am Viegenhof";"";"7";"9";"5";"6";"9";"";"47445"
"77";"Am Vinnbusch";"";"1";"3";"6";"4";"3";"";"47447"
"78";"Am Vutzhof";"";"8";"4";"11";"6";"4";"";"47445"
"79";"Am Weidenbruch";"";"6";"1";"3";"9";"1";"";"47447"
"80";"Am Wiesengrund";"";"6";"1";"3";"9";"1";"";"47447"
"81";"Am Wolfsberg";"";"9";"8";"5";"7";"8";"";"47443"
"82";"Amalienstraße";"";"6";"1";"3";"9";"1";"";"47447"
"83";"Amselstraße";"";"4";"9";"18";"10";"9";"";"47445"
"84";"An den Eichen";"";"7";"4";"19";"6";"4";"";"47445"
"85";"An den Hornbuchen";"";"4";"9";"20";"10";"9";"";"47445"
"86";"An der Beeke";"";"2";"8";"11";"1";"8";"";"47443"
"87";"An der Berufsschule";"";"5";"6";"2";"5";"6";"";"47441"
"88";"An der Halde";"";"9";"7";"16";"7";"7";"";"47443"
"89";"An der Hees";"";"7";"9";"5";"6";"9";"";"47445"
"90";"An der Linde";"";"4";"9";"20";"10";"9";"";"47445"
"91";"An der neuen Mühle";"";"6";"1";"12";"9";"1";"";"47506,47447"
"92";"An der Sandkull";"";"4";"9";"20";"10";"9";"";"47445"
"93";"An der Schneckull";"";"4";"9";"5";"6";"9";"";"47445"
"94";"An Hoffmanns Büschken";"";"3";"2";"12";"9";"2";"";"47441"
"95";"Andreasstraße";"";"1";"3";"1";"3";"3";"";"47441"
"96";"Anemonenweg";"";"6";"1";"3";"9";"1";"";"47447"
"97";"Anglerstraße";"";"4";"9";"20";"10";"9";"";"47445"
"98";"Annabergstraße";"";"9";"7";"9";"7";"7";"";"47443"
"99";"Annastraße";"";"5";"6";"4";"5";"6";"";"47441"
"100";"Anrathsmünde";"";"4";"4";"20";"10";"4";"";"47445"
"101";"Antoniastraße";"";"5";"6";"4";"5";"6";"";"47441"
"102";"Antoniusstraße";"";"10";"5";"4";"3";"5";"";"47506,47441"
"103";"Arminiusstraße";"";"10";"5";"4";"3";"5";"";"47441"
"104";"Arnikaweg";"";"8";"4";"11";"6";"4";"";"47445"
"105";"Arnulfstraße";"";"3";"2";"8";"9";"2";"";"47441"
"108";"Asdonkshofstraße";"";"4";"4";"20";"10";"4";"";"47445"
"109";"Asterlager Straße";"";"1";"3";"1";"3";"3";"";"47441"
"110";"Asternstraße";"";"6";"1";"3";"9";"1";"";"47447"
"111";"Aubruchsweg";"";"1";"2";"1";"4";"2";"";"47447"
"112";"Auf dem Berg";"";"10";"5";"7";"3";"5";"";"47441"
"113";"Auf dem Hügel";"";"9";"8";"5";"7";"8";"";"47443"
"114";"Auf der Düne";"";"1";"3";"2";"3";"3";"";"47447"
"115";"Auf der Wehm";"";"6";"1";"3";"9";"1";"";"47447"
"116";"Augustastraße";"";"5";"6";"2";"8";"6";"";"47441"
"117";"August-Macke-Straße";"";"6";"1";"3";"9";"1";"";"47447"
"118";"Averdunkshof";"";"5";"6";"5";"8";"6";"";"47447"
"119";"Azaleenweg";"";"4";"9";"20";"10";"9";"";"47445"
"120";"Baerler Straße";"";"3";"6";"17";"8";"6";"";"47441"
"121";"Baggerstraße";"";"7";"5";"15";"1";"5";"";"47445"
"122";"Bahnenstraße";"";"2";"8";"10";"7";"8";"";"47443"
"123";"Bahnhofstraße";"";"6";"1";"3";"9";"1";"";"47506,47447"
"124";"Bankstraße";"";"3";"6";"17";"8";"6";"";"47441"
"126";"Barbarastraße";"";"9";"7";"16";"7";"7";"";"47443,47506"
"127";"Bataverstraße";"";"8";"4";"11";"6";"4";"";"47445"
"128";"Baudenstraße";"";"7";"4";"19";"6";"4";"";"47445"
"129";"Baumstraße";"";"7";"4";"19";"6";"4";"";"47445"
"130";"Baustraße";"";"3";"6";"17";"8";"6";"";"47441"
"131";"Beckerathsweg";"";"3";"9";"14";"10";"9";"";"47441"
"132";"Beckers Kull";"";"7";"9";"5";"6";"9";"";"47445"
"133";"Beethovenstraße";"";"6";"1";"3";"9";"1";"";"47506,47447"
"134";"Begonienstraße";"";"6";"1";"3";"9";"1";"";"47447"
"135";"Behringweg";"";"5";"6";"5";"5";"6";"";"47447"
"136";"Bendmannstraße";"";"6";"1";"3";"9";"1";"";"47447"
"137";"Bergahornstraße";"";"2";"10";"15";"2";"10";"";"47443"
"138";"Bergheideweg";"";"6";"2";"1";"4";"2";"";"47447"
"139";"Bergheimer Straße";"";"1";"3";"1";"3";"3";"";"47441"
"140";"Bergstraße";"";"10";"10";"7";"3";"10";"";"47443"
"142";"Bergwerkstraße";"";"8";"4";"19";"6";"4";"";"47445"
"143";"Bernhardstraße";"";"6";"1";"3";"9";"1";"";"47447"
"144";"Bernsbergerstraße";"";"7";"5";"15";"1";"5";"";"47445"
"145";"Bernsteinstraße";"";"7";"9";"10";"6";"9";"";"47445"
"146";"Bernsweg";"";"3";"9";"14";"6";"9";"";"47445"
"147";"Bertastraße";"";"3";"9";"14";"10";"9";"";"47445"
"148";"Bert-Brecht-Straße";"";"6";"1";"3";"9";"1";"";"47447"
"149";"Bethanienstraße";"";"3";"4";"17";"8";"4";"";"47441"
"150";"Bettenkamper Weg";"";"6";"1";"12";"9";"1";"";"47447"
"151";"Beuthener Straße";"";"9";"7";"9";"7";"7";"";"47443"
"152";"Billstraße";"";"8";"4";"20";"10";"4";"";"47445"
"153";"Birkenpaschhof";"";"3";"2";"12";"9";"2";"";"47441"
"154";"Birkenstraße";"";"1";"2";"1";"4";"2";"";"47506,47447"
"155";"Birnenstraße";"";"4";"9";"20";"10";"9";"";"47445"
"156";"Bismarckstraße";"";"9";"7";"16";"7";"7";"";"47443"
"158";"Blücherstraße";"";"9";"8";"11";"7";"8";"";"47443"
"160";"Blumenstraße";"";"5";"6";"5";"8";"6";"";"47506,47441"
"161";"Boberstraße";"";"7";"4";"19";"6";"4";"";"47445"
"162";"Böckstraße";"";"4";"9";"18";"10";"9";"";"47445"
"163";"Bogenstraße";"";"1";"6";"1";"5";"6";"";"47441"
"164";"Böllerschenweg";"";"3";"1";"12";"9";"1";"";"47441"
"165";"Boltenschütt";"";"5";"6";"5";"8";"6";"";"47447"
"166";"Bonifatiusstraße";"";"10";"5";"4";"3";"5";"";"47441"
"167";"Boschheideweg";"";"1";"2";"1";"4";"2";"";"47447"
"168";"Brahmsstraße";"";"6";"1";"3";"9";"1";"";"47447"
"169";"Breslauer Straße";"";"9";"8";"9";"7";"8";"";"47443,47506"
"170";"Breuelstraße";"";"8";"4";"20";"6";"4";"";"47445"
"171";"Brieger Straße";"";"2";"8";"10";"1";"8";"";"47443"
"172";"Brinkenhof";"";"4";"9";"20";"10";"9";"";"47445"
"173";"Bruchstraße";"";"6";"2";"1";"4";"2";"";"47506,47447"
"175";"Bruckschenweg";"";"3";"2";"12";"9";"2";"";"47506,47441"
"176";"Brückstraße";"";"8";"4";"20";"6";"4";"";"47445"
"177";"Brüggerfeldweg";"";"1";"2";"1";"4";"2";"";"47447"
"178";"Brunostraße";"";"3";"6";"17";"8";"6";"";"47441"
"179";"Bucerstraße";"";"1";"3";"6";"4";"3";"";"47447"
"180";"Buchenweg";"";"1";"2";"1";"4";"2";"";"47447"
"181";"Buchmannstraße";"";"2";"10";"7";"7";"10";"";"47443"
"182";"Budberger Weg";"";"8";"4";"20";"6";"4";"";"47445"
"183";"Bullermannshof";"";"3";"4";"14";"8";"4";"";"47441"
"184";"Bunsenweg";"";"5";"6";"5";"5";"6";"";"47447"
"185";"Bunzlauer Straße";"";"2";"8";"10";"1";"8";"";"47443"
"186";"Burgstraße";"";"3";"6";"8";"9";"6";"";"47441"
"187";"Burgundenstraße";"";"8";"4";"11";"6";"4";"";"47445"
"188";"Buschmannsweg";"";"6";"2";"1";"4";"2";"";"47447"
"189";"Buschstraße";"";"8";"4";"11";"6";"4";"";"47445,47506"
"190";"Bussardweg";"";"3";"2";"8";"9";"2";"";"47441"
"191";"Callunaweg";"";"1";"3";"6";"4";"3";"";"47447"
"192";"Calvinstraße";"";"1";"3";"6";"4";"3";"";"47447"
"193";"Carlo-Schmid-Straße";"";"7";"9";"5";"6";"9";"";"47445"
"194";"Carl-Peschken-Straße";"";"3";"4";"14";"8";"4";"";"47441"
"195";"Carl-von-Ossietzky-Straße";"";"6";"1";"3";"9";"1";"";"47447"
"196";"Carl-Zeiss-Straße";"";"3";"9";"14";"6";"9";"";"47445"
"197";"Cecilienstraße";"";"2";"10";"15";"2";"10";"";"47443"
"199";"Charlottenstraße";"";"6";"1";"3";"9";"1";"";"47447"
"200";"Chemnitzer Straße";"";"5";"6";"4";"4";"6";"";"47441"
"201";"Cheruskerstraße";"";"10";"5";"4";"3";"5";"";"47441"
"202";"Christianstraße";"";"10";"5";"7";"5";"5";"";"47441"
"203";"Christian-von-Wolff-Weg";"";"5";"6";"5";"5";"6";"";"47447"
"204";"Christine-Hirschmann-Weg";"";"2";"8";"11";"1";"8";"";"47443"
"205";"Christine-Teusch-Straße";"";"7";"9";"5";"6";"9";"";"47445"
"206";"Claudiusstraße";"";"10";"5";"4";"3";"5";"";"47441"
"207";"Clausthalstraße";"";"3";"6";"17";"8";"6";"";"47441"
"208";"Cloudtstraße";"";"3";"6";"17";"8";"6";"";"47441"
"209";"Cranachstraße";"";"1";"3";"2";"4";"3";"";"47447"
"210";"Crusestraße";"";"3";"6";"17";"8";"6";"";"47441"
"211";"Dachsweg";"";"3";"4";"15";"6";"4";"";"47441"
"212";"Daheimstraße";"";"1";"3";"6";"4";"3";"";"47447"
"213";"Dahlienweg";"";"6";"1";"3";"9";"1";"";"47447"
"214";"Damaschkestraße";"";"10";"10";"15";"2";"10";"";"47443"
"215";"Danziger Straße";"";"7";"9";"10";"6";"9";"";"47506,47445"
"217";"Davidstraße";"";"10";"5";"7";"5";"5";"";"47441"
"218";"Dessauerstraße";"";"8";"7";"15";"1";"7";"";"47445"
"219";"Diergardtstraße";"";"5";"6";"5";"8";"6";"";"47441"
"220";"Dieselstraße";"";"2";"8";"11";"1";"8";"";"47443"
"221";"Diesterwegstraße";"";"3";"6";"17";"8";"6";"";"47506,47441"
"222";"Dietrichstraße";"";"10";"10";"15";"2";"10";"";"47443"
"223";"Dillschenweg";"";"4";"4";"20";"10";"4";"";"47445"
"224";"Dohlenstraße";"";"2";"8";"11";"1";"8";"";"47443"
"225";"Donaustraße";"";"9";"7";"16";"7";"7";"";"47443"
"227";"Dongrathshof";"";"4";"9";"20";"10";"9";"";"47445"
"228";"Dongstraße";"";"3";"9";"14";"6";"9";"";"47506,47445"
"229";"Dorfstraße";"";"1";"3";"6";"4";"3";"";"47447"
"230";"Dorotheenstraße";"";"1";"6";"1";"4";"6";"";"47447"
"232";"Dorsterfeldstraße";"";"6";"1";"3";"9";"1";"";"47447"
"233";"Dr.-Berns-Straße";"";"3";"4";"14";"10";"4";"";"47441"
"234";"Dr.-Fabricius-Straße";"";"5";"6";"5";"8";"6";"";"47441"
"235";"Dr.-Hermann-Bähr-Straße";"";"3";"6";"8";"9";"6";"";"47441"
"237";"Dr.-Karl-Hirschberg-Straße";"";"5";"6";"5";"8";"6";"";"47441"
"238";"Drennesweg";"";"3";"9";"14";"6";"9";"";"47445"
"239";"Dresdener Ring";"";"5";"6";"4";"5";"6";"";"47441"
"240";"Drinhausstraße";"";"6";"1";"3";"9";"1";"";"47447"
"241";"Drosselstraße";"";"4";"9";"18";"10";"9";"";"47445"
"242";"Droste-Hülshoff-Straße";"";"8";"7";"15";"1";"7";"";"47506,47445"
"243";"Drususstraße";"";"1";"5";"4";"3";"5";"";"47441"
"244";"Duisburger Straße";"";"2";"10";"10";"2";"10";"";"47443"
"245";"Düppelstraße";"";"5";"6";"5";"8";"6";"";"47441"
"246";"Dürerstraße";"";"1";"3";"2";"3";"3";"";"47506,47447"
"250";"Edmundstraße";"";"6";"1";"3";"9";"1";"";"47447"
"251";"Eduardstraße";"";"1";"3";"1";"3";"3";"";"47441"
"252";"Egonstraße";"";"6";"1";"3";"9";"1";"";"47447"
"253";"Ehrenmalstraße";"";"6";"1";"3";"9";"1";"";"47447"
"254";"Eibenweg";"";"1";"2";"1";"4";"2";"";"47447"
"255";"Eichbuschweg";"";"6";"1";"12";"9";"1";"";"47447"
"256";"Eichendorffstraße";"";"4";"9";"18";"10";"9";"";"47445"
"257";"Eichenstraße";"";"2";"10";"15";"2";"10";"";"47443,47506"
"258";"Eicker Grund";"";"7";"4";"19";"6";"4";"";"47445"
"259";"Eickschenweg";"";"7";"9";"12";"6";"9";"";"47445"
"260";"Einsteinstraße";"";"5";"6";"5";"5";"6";"";"47447"
"261";"Eisenbahnstraße";"";"8";"7";"15";"1";"7";"";"47445"
"262";"Eisenstraße";"";"9";"7";"16";"7";"7";"";"47443"
"263";"Elbestraße";"";"9";"7";"16";"7";"7";"";"47506,47443"
"264";"Elbinger Ring";"";"8";"4";"10";"6";"4";"";"47445"
"265";"Elenastraße";"";"5";"6";"4";"5";"6";"";"47441"
"266";"Elisabeth-Selbert-Straße";"";"7";"9";"5";"6";"9";"";"47445"
"267";"Elisenstraße";"";"6";"1";"3";"9";"1";"";"47447"
"268";"Elly-Heuss-Knapp-Weg";"";"7";"9";"12";"6";"9";"";"47445"
"269";"Elsterfeldstraße";"";"8";"4";"20";"6";"4";"";"47445"
"270";"Elsterstraße";"";"9";"8";"11";"1";"8";"";"47443"
"271";"Emanuelstraße";"";"4";"9";"20";"10";"9";"";"47445"
"272";"Emil-Nolde-Straße";"";"1";"3";"2";"3";"3";"";"47447"
"273";"Endstraße";"";"3";"9";"14";"10";"9";"";"47441,47445,47506"
"274";"Engelbertstraße";"";"10";"10";"15";"2";"10";"";"47443"
"275";"Engelsberg";"";"2";"8";"10";"7";"8";"";"47443"
"276";"Erftstraße";"";"9";"7";"16";"7";"7";"";"47443"
"277";"Erich-Kästner-Straße";"";"6";"1";"3";"9";"1";"";"47447"
"278";"Erikaweg";"";"1";"3";"6";"4";"3";"";"47447"
"279";"Erlenweg";"";"1";"2";"1";"4";"2";"";"47447"
"281";"Ernst-Barlach-Straße";"";"6";"1";"3";"9";"1";"";"47447"
"282";"Ernst-Holla-Straße";"";"2";"10";"5";"7";"10";"";"47443"
"283";"Ernststraße";"";"10";"10";"15";"2";"10";"";"47443"
"284";"Erzgebirgsstraße";"";"7";"4";"19";"6";"4";"";"47445"
"285";"Eschenweg";"";"1";"2";"1";"4";"2";"";"47447"
"287";"Essenberger Straße";"117-Ende,118-Ende";"10";"5";"13";"2";"5";"";"47443"
"290";"Eulenweg";"";"3";"2";"8";"9";"2";"";"47441"
"291";"Eupener Platz";"";"9";"7";"9";"7";"7";"";"47443"
"292";"Eupener Straße";"";"9";"7";"9";"7";"7";"";"47443"
"293";"Eurotec-Ring";"";"8";"4";"19";"6";"4";"";"47445"
"294";"Ewaldstraße";"";"6";"1";"3";"9";"1";"";"47447"
"295";"Falkenweg";"";"3";"2";"8";"9";"2";"";"47441"
"296";"Fasanenplatz";"";"3";"2";"8";"9";"2";"";"47441"
"297";"Fasanenstraße";"";"3";"2";"8";"9";"2";"";"47441"
"298";"Feldmannstraße";"";"4";"9";"20";"10";"9";"";"47445"
"299";"Feldstraße";"";"3";"6";"17";"8";"6";"";"47506,47441"
"300";"Felixweg";"";"2";"10";"15";"2";"10";"";"47443"
"301";"Felkestraße";"";"4";"9";"20";"10";"9";"";"47445"
"302";"Fenchelstraße";"";"8";"4";"11";"6";"4";"";"47445"
"303";"Ferdinandstraße";"";"10";"5";"13";"2";"5";"";"47441"
"304";"Ferdinand-Zeppelin-Straße";"";"3";"9";"14";"6";"9";"";"47445"
"305";"Feuerbachstraße";"";"1";"3";"2";"3";"3";"";"47447"
"306";"Fichtenstraße";"";"1";"2";"1";"4";"2";"";"47447"
"307";"Fieselstraße";"";"3";"6";"8";"9";"6";"";"47441"
"308";"Filder Straße";"";"5";"6";"5";"8";"6";"";"47441,47447,47445"
"310";"Finkstraße";"";"4";"9";"18";"10";"9";"";"47445"
"311";"Fliederweg";"";"4";"9";"20";"10";"9";"";"47445"
"312";"Florastraße";"";"10";"5";"7";"2";"5";"";"47443"
"313";"Flurweg";"";"1";"2";"1";"4";"2";"";"47447"
"314";"Föhrenstraße";"";"1";"2";"1";"4";"2";"";"47447"
"315";"Fontanestraße";"";"8";"7";"15";"1";"7";"";"47445"
"316";"Forststraße";"";"9";"7";"15";"7";"7";"";"47443"
"317";"Frankenstraße";"";"8";"4";"10";"6";"4";"";"47445"
"318";"Franz-Haniel-Straße";"";"2";"10";"10";"2";"10";"";"47443"
"319";"Franz-Marc-Straße";"";"6";"1";"3";"9";"1";"";"47506,47447"
"320";"Franz-Saumer-Weg";"";"2";"8";"11";"1";"8";"";"47443"
"321";"Franzstraße";"";"1";"3";"1";"3";"3";"";"47441"
"322";"Freiligrathstraße";"";"4";"9";"18";"10";"9";"";"47445"
"323";"Friedenstraße";"";"8";"4";"10";"6";"4";"";"47445"
"324";"Friedhofstraße";"";"6";"1";"3";"9";"1";"";"47447"
"325";"Friedrich-Ebert-Straße";"";"6";"1";"3";"9";"1";"";"47447"
"326";"Friedrich-Schelling-Straße";"";"5";"6";"5";"5";"6";"";"47441"
"327";"Friedrichstraße";"";"3";"6";"8";"9";"6";"";"47441"
"328";"Friemersheimer Straße";"";"1";"3";"1";"3";"3";"";"47441"
"329";"Friesenstraße";"";"8";"4";"11";"6";"4";"";"47445"
"330";"Frietstraße";"";"8";"4";"20";"6";"4";"";"47445"
"331";"Fritz-Husemann-Straße";"";"7";"9";"5";"6";"9";"";"47445"
"332";"Fritz-Peters-Straße";"";"6";"1";"3";"9";"1";"";"47447"
"333";"Fritz-Reuter-Straße";"";"6";"1";"3";"9";"1";"";"47447"
"334";"Fröbelstraße";"";"5";"6";"1";"5";"6";"";"47441"
"335";"Fuchsienweg";"";"6";"1";"3";"9";"1";"";"47447"
"336";"Fuldastraße";"";"9";"8";"9";"7";"8";"";"47443"
"337";"Gabelsbergerstraße";"";"3";"6";"17";"8";"6";"";"47441"
"338";"Galgenbergsheide";"";"9";"8";"5";"7";"8";"";"47443"
"339";"Gallierring";"";"8";"4";"11";"6";"4";"";"47445"
"340";"Galmesweg";"";"3";"9";"14";"6";"9";"";"47445"
"341";"Gartenstraße";"";"5";"6";"5";"8";"6";"";"47506,47441"
"342";"Gaußstraße";"";"5";"6";"5";"5";"6";"";"47447,47441"
"343";"Gebrüder-Grimm-Platz";"";"6";"1";"3";"9";"1";"";"47447"
"344";"Geldernsche Straße";"";"3";"2";"14";"10";"2";"";"47441"
"345";"Gellertstraße";"";"3";"6";"17";"8";"6";"";"47441"
"346";"Genender Platz";"";"3";"9";"14";"6";"9";"";"47445"
"347";"Genender Weg";"";"3";"9";"14";"6";"9";"";"47445"
"348";"Georgstraße";"";"6";"1";"3";"9";"1";"";"47447"
"349";"Geranienstraße";"";"6";"1";"3";"9";"1";"";"47447"
"350";"Gerhardstraße";"";"10";"5";"13";"3";"5";"";"47441"
"351";"Gerhart-Hauptmann-Straße";"";"4";"9";"18";"10";"9";"";"47445"
"352";"Germanenstraße";"";"1";"5";"13";"3";"5";"";"47441"
"353";"Germendonks Kamp";"";"2";"8";"11";"1";"8";"";"47443"
"354";"Germerdonkstraße";"";"6";"1";"3";"9";"1";"";"47447"
"355";"Gertrud-Bäumer-Straße";"";"7";"9";"5";"6";"9";"";"47445"
"356";"Gertrudenweg";"";"6";"1";"3";"9";"1";"";"47447"
"357";"Gimpelweg";"";"2";"8";"11";"1";"8";"";"47443"
"358";"Ginsterweg";"";"1";"3";"6";"4";"3";"";"47447"
"359";"Gladiolenweg";"";"6";"1";"3";"9";"1";"";"47447"
"360";"Gleiwitzer Straße";"";"2";"8";"10";"1";"8";"";"47443"
"361";"Glogauer Straße";"";"2";"8";"10";"1";"8";"";"47506,47443"
"362";"Glückaufstraße";"";"9";"7";"16";"7";"7";"";"47506,47443"
"363";"Glücksburger Straße";"";"9";"8";"9";"7";"8";"";"47443"
"364";"Goebenstraße";"";"5";"6";"5";"5";"6";"";"47441"
"365";"Goethestraße";"";"5";"6";"2";"5";"6";"";"47441"
"366";"Goldammerweg";"";"3";"2";"8";"9";"2";"";"47441"
"367";"Goldaper Weg";"";"7";"9";"10";"6";"9";"";"47445"
"368";"Goldberger Straße";"";"2";"8";"10";"1";"8";"";"47443"
"369";"Görlitzer Straße";"";"2";"8";"10";"7";"8";"";"47443"
"370";"Gotenstraße";"";"1";"5";"13";"3";"5";"";"47441"
"371";"Grabenstraße";"";"6";"1";"3";"9";"1";"";"47506,47447"
"372";"Grafschafter Straße";"";"9";"7";"16";"7";"7";"";"47506"
"373";"Greefstraße";"";"3";"6";"17";"8";"6";"";"47441"
"374";"Grenzstraße";"";"10";"5";"13";"2";"5";"";"47441,47443"
"375";"Greta-Rothe-Straße";"";"7";"5";"13";"2";"5";"";"47443"
"376";"Grillparzerweg";"";"8";"7";"15";"1";"7";"";"47445"
"377";"Grotfeldsweg";"";"3";"1";"12";"9";"1";"";"47506"
"378";"Grubenstraße";"";"4";"9";"18";"10";"9";"";"47445"
"379";"Grünberger Straße";"";"2";"8";"10";"1";"8";"";"47506,47443"
"380";"Grünbergstraße";"";"3";"9";"14";"6";"9";"";"47445"
"381";"Grüner Weg";"";"2";"10";"5";"7";"10";"";"47506,47443"
"382";"Grünewaldstraße";"";"1";"3";"2";"3";"3";"";"47447"
"383";"Grüngürtel";"";"4";"9";"20";"10";"9";"";"47445"
"384";"Guntherstraße";"";"10";"5";"13";"2";"5";"";"47441"
"385";"Gustav-Grossmann-Straße";"";"7";"4";"12";"6";"4";"";"47445"
"386";"Gutenbergstraße";"";"7";"7";"15";"1";"7";"";"47443"
"387";"Haagstraße";"";"3";"6";"8";"9";"6";"";"47441"
"388";"Haarbeckstraße";"";"4";"9";"20";"10";"9";"";"47445,47506"
"389";"Habichtstraße";"";"4";"9";"18";"10";"9";"";"47445"
"390";"Hadrianstraße";"";"1";"5";"4";"3";"5";"";"47441"
"391";"Haffstraße";"";"7";"9";"10";"6";"9";"";"47445"
"392";"Hagebuttenweg";"";"8";"4";"11";"6";"4";"";"47445"
"393";"Hagenstraße";"";"4";"4";"20";"10";"4";"";"47445"
"394";"Hainbuchenstraße";"";"2";"10";"15";"2";"10";"";"47443"
"395";"Haldenstraße";"";"9";"7";"16";"7";"7";"";"47443"
"396";"Hammerstraße";"";"9";"7";"16";"7";"7";"";"47443"
"397";"Hanckwitzstraße";"";"3";"6";"8";"9";"6";"";"47441"
"398";"Händelstraße";"";"6";"1";"3";"9";"1";"";"47506,47447"
"399";"Hans-Böckler-Straße";"";"6";"1";"3";"9";"1";"";"47447,47506"
"400";"Hans-Sachs-Straße";"";"8";"7";"15";"1";"7";"";"47445"
"401";"Hanns-Albeck-Platz";"";"5";"6";"2";"8";"6";"";"47441"
"402";"Hanns-Dieter-Hüsch-Platz";"";"3";"6";"8";"9";"6";"";"47441"
"403";"Hasenweg";"";"3";"2";"12";"9";"2";"";"47441"
"404";"Haspelstraße";"";"2";"10";"10";"2";"10";"";"47443"
"405";"Hattropstraße";"";"2";"8";"11";"1";"8";"";"47443"
"406";"Havelweg";"";"7";"4";"19";"6";"4";"";"47445"
"407";"Hebbelstraße";"";"8";"7";"15";"1";"7";"";"47445"
"408";"Hedwigstraße";"";"6";"1";"3";"9";"1";"";"47447"
"409";"Hegelstraße";"";"5";"6";"5";"5";"6";"";"47447"
"410";"Heideweg";"";"1";"3";"6";"4";"3";"";"47506,47447"
"411";"Heiermannsweg";"";"4";"9";"18";"10";"9";"";"47445"
"412";"Heimbergstraße";"";"1";"5";"1";"3";"5";"";"47228,47447"
"413";"Heinestraße";"";"4";"9";"18";"10";"9";"";"47445"
"414";"Heinrich-Hertz-Straße";"";"3";"9";"14";"6";"9";"";"47445"
"415";"Heinrich-Mann-Straße";"";"6";"1";"3";"9";"1";"";"47447"
"416";"Heinrichstraße";"";"10";"5";"7";"5";"5";"";"47443,47441"
"417";"Heinrich-Zille-Weg";"";"6";"1";"3";"9";"1";"";"47447"
"418";"Heisterfeldstraße";"";"8";"4";"20";"6";"4";"";"47445"
"419";"Heisterweg";"";"8";"4";"10";"6";"4";"";"47506,47445"
"420";"Helenenstraße";"";"6";"1";"3";"9";"1";"";"47447"
"421";"Helmholtzstraße";"";"5";"6";"5";"5";"6";"";"47447"
"422";"Helmutstraße";"";"10";"10";"15";"2";"10";"";"47443"
"423";"Henri-Dunant-Straße";"";"6";"1";"3";"9";"1";"";"47447"
"424";"Henriettenweg";"";"2";"10";"10";"2";"10";"";"47443"
"425";"Herbertstraße";"";"10";"10";"15";"2";"10";"";"47443"
"426";"Herderstraße";"";"8";"7";"15";"1";"7";"";"47445"
"427";"Herkenweg";"";"1";"5";"1";"3";"5";"";"47441"
"428";"Hermann-Löns-Weg";"";"6";"1";"3";"9";"1";"";"47447"
"429";"Hermann-Meiwes-Straße";"";"6";"1";"3";"9";"1";"";"47447"
"430";"Hermannstraße";"";"10";"5";"4";"3";"5";"";"47441"
"431";"Hermann-Vennemann-Straße";"";"7";"4";"12";"6";"4";"";"47445"
"432";"Hermelinweg";"";"10";"5";"13";"2";"5";"";"47441"
"433";"Herzogstraße";"";"4";"9";"18";"10";"9";"";"47445"
"434";"Hinter dem Acker";"";"7";"9";"10";"6";"9";"";"47445"
"435";"Hinter der Bahn";"";"1";"6";"4";"3";"6";"";"47441"
"436";"Hirtenweg";"";"2";"8";"11";"1";"8";"";"47443"
"437";"Hochemmericher Straße";"";"1";"3";"1";"3";"3";"";"47441"
"438";"Hochstraße";"";"2";"8";"10";"7";"8";"";"47506,47443"
"439";"Höferstraße";"";"6";"1";"3";"9";"1";"";"47447"
"440";"Hoffnungsstraße";"";"3";"4";"17";"8";"4";"";"47441"
"441";"Hofkamp";"";"10";"5";"13";"2";"5";"";"47441"
"442";"Hofstraße";"";"6";"1";"3";"9";"1";"";"47447"
"443";"Hohenforsterweg";"";"6";"1";"3";"9";"1";"";"47447"
"444";"Höhenweg";"";"6";"1";"3";"9";"1";"";"47447"
"445";"Hoher Weg";"";"4";"9";"20";"10";"9";"";"47445"
"447";"Holbeinstraße";"";"1";"3";"2";"4";"3";"";"47447"
"448";"Holderberger Straße";"";"6";"2";"1";"4";"2";"";"47447"
"450";"Hölderlinstraße";"";"8";"7";"15";"1";"7";"";"47445"
"451";"Holunderstraße";"";"8";"4";"11";"6";"4";"";"47445"
"453";"Homberger Straße";"111-Ende,122-Ende";"2";"10";"15";"5";"10";"";"47441"
"457";"Hopfenstraße";"";"5";"6";"2";"8";"6";"";"47441"
"458";"Horstmannsweg";"";"3";"9";"14";"6";"9";"";"47445"
"459";"Hourtenhofstraße";"";"4";"9";"20";"10";"9";"";"47445"
"460";"Hubertusstraße";"";"3";"2";"12";"9";"2";"";"47441"
"461";"Huckstraße";"";"4";"4";"20";"10";"4";"";"47445"
"462";"Hügelstraße";"";"1";"3";"6";"4";"3";"";"47447"
"463";"Hugostraße";"";"10";"5";"13";"2";"5";"";"47441"
"464";"Hülsdonker Straße";"";"3";"2";"12";"9";"2";"";"47441"
"465";"Hülshorstweg";"";"6";"1";"12";"9";"1";"";"47447"
"466";"Hülskensweg";"";"6";"1";"3";"9";"1";"";"47447"
"467";"Humboldtstraße";"";"5";"6";"5";"8";"6";"";"47506,47441"
"470";"Im Angerfeld";"";"8";"4";"11";"6";"4";"";"47445"
"471";"Im Binnefeld";"";"7";"4";"19";"6";"4";"";"47445"
"472";"Im Boschfeld";"";"8";"4";"10";"6";"4";"";"47445"
"473";"Im Bruch";"";"10";"10";"7";"3";"10";"";"47443"
"474";"Im Bruckschefeld";"";"6";"1";"3";"9";"1";"";"47447"
"475";"Im Felde";"";"7";"9";"10";"6";"9";"";"47445"
"476";"Im Grünen Winkel";"";"2";"10";"5";"7";"10";"";"47443"
"477";"Im Hackerfeld";"";"1";"3";"1";"3";"3";"";"47441"
"478";"Im Haselbusch";"";"6";"1";"12";"9";"1";"";"47447"
"479";"Im Hochfeld";"";"4";"4";"20";"10";"4";"";"47445"
"480";"Im Kämpken";"";"10";"10";"7";"3";"10";"";"47443"
"481";"Im Krähenfeld";"";"8";"4";"20";"6";"4";"";"47445"
"482";"Im Kuhfeld";"";"1";"3";"6";"4";"3";"";"47447"
"483";"Im Meerfeld";"";"7";"9";"10";"6";"9";"";"47445"
"484";"Im Moerser Feld";"";"3";"2";"8";"8";"2";"";"47441"
"485";"Im Niederfeld";"";"7";"9";"5";"6";"9";"";"47445"
"486";"Im Ohl";"";"5";"6";"5";"8";"6";"";"47441"
"487";"Im Rehwinkel";"";"7";"7";"15";"1";"7";"";"47443"
"488";"Im Repelner Feld";"";"7";"9";"5";"6";"9";"";"47445"
"489";"Im Rheinkamper Feld";"";"7";"9";"5";"6";"9";"";"47445"
"490";"Im Ring";"";"7";"9";"5";"6";"9";"";"47445"
"491";"Im Rosenthal";"";"3";"6";"8";"9";"6";"";"47441"
"492";"Im Schommer";"";"8";"7";"15";"1";"7";"";"47445"
"493";"Im Schroersfeld";"";"3";"2";"12";"9";"2";"";"47441"
"494";"Im Schwarzen Bruch";"";"6";"1";"3";"9";"1";"";"47447"
"495";"Im Utforter Feld";"";"8";"4";"10";"6";"4";"";"47445"
"496";"Im Weidekamp";"";"1";"2";"1";"4";"2";"";"47447"
"497";"Im Weißen Hag";"";"7";"9";"5";"6";"9";"";"47445"
"498";"Im Winkel";"";"1";"2";"1";"4";"2";"";"47447,47495"
"499";"In den Gärten";"";"6";"1";"3";"9";"1";"";"47447"
"500";"In den Weiden";"";"3";"2";"12";"9";"2";"";"47441"
"501";"In der Dong";"";"3";"9";"14";"10";"9";"";"47445"
"502";"In Sandfort";"";"3";"9";"14";"10";"9";"";"47441"
"503";"Industriestraße";"";"6";"1";"3";"9";"1";"";"47447"
"504";"Insterburger Straße";"";"7";"9";"10";"6";"9";"";"47445"
"506";"Isergebirgsstraße";"";"7";"4";"19";"6";"4";"";"47445"
"507";"Jägerstraße";"";"8";"4";"11";"6";"4";"";"47445"
"508";"Jahnstraße";"";"9";"7";"16";"7";"7";"";"47506,47443"
"509";"Jakob-Schroer-Straße";"";"7";"7";"15";"1";"7";"";"47443"
"510";"Jakobweg";"";"10";"10";"15";"2";"10";"";"47443"
"511";"James-Krüss-Straße";"";"6";"1";"3";"9";"1";"";"47447"
"512";"Jan-Hus-Straße";"";"1";"3";"6";"4";"3";"";"47447"
"513";"Joachimstraße";"";"2";"10";"10";"2";"10";"";"47443"
"514";"Jockenstraße";"";"8";"4";"11";"6";"4";"";"47445"
"515";"Johann-Steegmann-Allee";"";"4";"9";"20";"10";"9";"";"47445"
"516";"Josef-Peil-Weg";"";"8";"4";"10";"6";"4";"";"47445"
"517";"Josefstraße";"";"5";"6";"5";"5";"6";"";"47441"
"518";"Jüchenstraße";"";"7";"5";"15";"1";"5";"";"47443"
"519";"Julius-Genner-Straße";"";"3";"6";"17";"8";"6";"";"47441"
"520";"Julius-Leber-Straße";"";"5";"6";"5";"8";"6";"";"47441"
"521";"Jungbornstraße";"";"4";"9";"20";"10";"9";"";"47445"
"522";"Jupiterweg";"";"2";"8";"11";"1";"8";"";"47443"
"523";"Jütenstraße";"";"8";"4";"11";"6";"4";"";"47445"
"524";"Kaiserstraße";"";"5";"6";"1";"5";"6";"";"47441"
"525";"Kaldenhausener Straße";"";"1";"2";"1";"4";"2";"";"47447,47802"
"526";"Kamper Straße";"";"4";"9";"20";"10";"9";"";"47445"
"528";"Kampstraße";"";"8";"4";"11";"6";"4";"";"47445"
"529";"Kantstraße";"";"5";"6";"5";"5";"6";"";"47441,47506,47447"
"530";"Karl-Hoffmeister-Platz";"";"5";"6";"2";"5";"6";"";"47441"
"531";"Karl-Hoffmeister-Straße";"";"5";"6";"2";"5";"6";"";"47441"
"532";"Karlstraße";"";"10";"10";"15";"2";"10";"";"47443"
"533";"Karolingerstraße";"";"8";"4";"10";"6";"4";"";"47445"
"534";"Kastanienstraße";"";"1";"2";"1";"4";"2";"";"47447"
"535";"Kastell";"";"3";"6";"8";"9";"6";"";"47441"
"536";"Katharinenstraße";"";"6";"1";"3";"9";"1";"";"47447"
"537";"Käthe-Kollwitz-Straße";"";"4";"9";"20";"10";"9";"";"47445"
"538";"Kattlachstraße";"";"8";"4";"20";"6";"4";"";"47445"
"539";"Kattowitzer Straße";"";"2";"8";"10";"1";"8";"";"47443"
"540";"Katzbachstraße";"";"2";"8";"10";"1";"8";"";"47443"
"541";"Kautzstraße";"";"5";"6";"2";"8";"6";"";"47441"
"542";"Keltenstraße";"";"8";"4";"10";"6";"4";"";"47445"
"543";"Kendelstraße";"";"1";"3";"6";"4";"3";"";"47447"
"544";"Keplerstraße";"";"5";"6";"5";"8";"6";"";"47506,47441"
"545";"Kiebitzweg";"";"4";"9";"20";"10";"9";"";"47445,47506"
"546";"Kiefernkamp";"";"8";"4";"10";"6";"4";"";"47445"
"547";"Kiefernweg";"";"1";"2";"1";"4";"2";"";"47506,47447"
"548";"Kieselweg";"";"10";"5";"7";"3";"5";"";"47441"
"549";"Kimbernstraße";"";"8";"4";"11";"6";"4";"";"47445"
"550";"Kirchfeld";"";"3";"6";"17";"8";"6";"";"47441"
"551";"Kirchstraße";"";"3";"6";"8";"9";"6";"";"47441"
"552";"Kirchweg";"";"1";"3";"6";"4";"3";"";"47447"
"553";"Kirschenallee";"";"2";"8";"9";"7";"8";"";"47443"
"555";"Kleestraße";"";"2";"10";"10";"2";"10";"";"47443"
"556";"Kleine Allee";"";"3";"6";"8";"9";"6";"";"47441"
"557";"Kleiststraße";"";"8";"7";"15";"1";"7";"";"47445"
"558";"Klever Platz";"";"9";"7";"9";"7";"7";"";"47443"
"559";"Klever Straße";"";"3";"6";"17";"8";"6";"";"47441"
"560";"Klodnitzstraße";"";"2";"8";"10";"1";"8";"";"47443"
"561";"Klosterstraße";"";"3";"6";"8";"9";"6";"";"47441"
"562";"Knappenstraße";"";"9";"7";"16";"7";"7";"";"47443"
"563";"Kohlenhucker Weg";"";"4";"4";"20";"10";"4";"";"47445"
"564";"Kohlenstraße";"";"9";"7";"16";"7";"7";"";"47443"
"565";"Kometenstraße";"";"2";"8";"11";"1";"8";"";"47443"
"566";"Königsberger Straße";"";"2";"10";"5";"7";"10";"";"47506,47443"
"568";"Konrad-Adenauer-Straße";"";"7";"9";"5";"6";"9";"";"47445"
"569";"Konradstraße";"";"5";"6";"4";"5";"6";"";"47441"
"570";"Konrad-Zuse-Straße";"";"8";"4";"19";"6";"4";"";"47445"
"571";"Konstantinstraße";"";"10";"5";"13";"3";"5";"";"47441"
"572";"Kopernikusstraße";"";"7";"9";"10";"6";"9";"";"47445"
"573";"Korneliusstraße";"";"5";"6";"4";"5";"6";"";"47441"
"574";"Körnerstraße";"";"8";"7";"15";"1";"7";"";"47506,47445"
"575";"Kornstraße";"";"2";"10";"10";"2";"10";"";"47443"
"576";"Kranichstraße";"";"3";"2";"8";"9";"2";"";"47506,47441"
"577";"Kranzerhof";"";"6";"1";"3";"9";"1";"";"47447"
"578";"Krefelder Straße";"1-97,2-40";"3";"2";"12";"2";"5";"1";"47441"
"579";"Krefelder Straße";"157-Ende,42-Ende";"6";"1";"12";"1";"1";"1";"47441"
"581";"Kressenstraße";"";"8";"4";"11";"6";"4";"";"47445"
"582";"Kronenstraße";"";"9";"8";"9";"7";"8";"";"47443"
"583";"Kronprinzenstraße";"";"10";"5";"13";"2";"5";"";"47441"
"584";"Kuckucksweg";"";"4";"9";"18";"10";"9";"";"47506,47445"
"585";"Kühlerstraße";"";"4";"9";"20";"10";"9";"";"47445"
"586";"Kuhlmannstraße";"";"4";"9";"20";"10";"9";"";"47445"
"587";"Küppersweg";"";"1";"2";"1";"4";"2";"";"47447"
"588";"Kurlandstraße";"";"7";"9";"10";"6";"9";"";"47445"
"589";"Kurt-Schumacher-Allee";"";"7";"9";"5";"6";"9";"";"47445"
"590";"Kurt-Tucholsky-Straße";"";"6";"1";"3";"9";"1";"";"47447"
"591";"Kurze Straße";"";"5";"6";"4";"5";"6";"";"47506,47441"
"592";"Laakweg";"";"1";"3";"6";"4";"3";"";"47447"
"593";"Landwehrstraße";"";"3";"6";"17";"8";"6";"";"47441"
"594";"Lange Straße";"";"4";"9";"20";"10";"9";"";"47445"
"595";"Länglingsweg";"";"1";"3";"2";"3";"3";"";"47447,47228"
"596";"Lärchenweg";"";"1";"2";"1";"4";"2";"";"47447"
"597";"Latenweg";"";"7";"9";"5";"6";"9";"";"47445"
"598";"Lauersforter Straße";"";"6";"2";"1";"4";"2";"";"47447"
"599";"Lauersforter Waldweg";"";"1";"2";"1";"4";"2";"";"47447"
"600";"Lauffstraße";"";"4";"9";"18";"10";"9";"";"47445"
"601";"Lavendelstraße";"";"8";"4";"11";"6";"4";"";"47445"
"602";"Lehmbruckstraße";"";"1";"3";"2";"3";"3";"";"47447"
"603";"Leibnizstraße";"";"5";"6";"5";"5";"6";"";"47506,47447,47441"
"605";"Leipziger Straße";"";"5";"6";"4";"5";"6";"";"47441"
"606";"Leissstraße";"";"9";"7";"16";"7";"7";"";"47443"
"607";"Lerchenstraße";"";"3";"2";"8";"9";"2";"";"47441"
"608";"Lerschstraße";"";"4";"9";"18";"10";"9";"";"47445"
"610";"Lessingstraße";"";"8";"7";"15";"1";"7";"";"47445"
"611";"Leuschnerstraße";"";"4";"9";"18";"10";"9";"";"47445"
"612";"Liebigstraße";"";"5";"6";"5";"8";"6";"";"47441"
"614";"Liegnitzer Weg";"";"7";"4";"19";"6";"4";"";"47445"
"615";"Lilienweg";"";"6";"1";"3";"9";"1";"";"47447"
"616";"Lindenstraße";"";"9";"7";"16";"7";"7";"";"47506,47443"
"617";"Linnbruchweg";"";"6";"1";"3";"9";"1";"";"47447"
"618";"Lintforter Straße";"";"4";"9";"18";"10";"9";"";"47445"
"619";"Lippestraße";"";"9";"7";"9";"7";"7";"";"47443"
"620";"Lobelienweg";"";"6";"1";"3";"9";"1";"";"47447"
"621";"Lockertstraße";"";"1";"5";"4";"3";"5";"";"47441"
"622";"Lohestraße";"";"2";"8";"10";"1";"8";"";"47443"
"623";"Lortzingstraße";"";"6";"1";"3";"9";"1";"";"47447"
"624";"Lotharstraße";"";"9";"10";"9";"7";"10";"";"47443"
"625";"Ludwig-Richter-Ring";"";"1";"3";"2";"3";"3";"";"47447"
"626";"Ludwigstraße";"";"6";"1";"3";"9";"1";"";"47447"
"627";"Luisenstraße";"";"9";"8";"11";"1";"8";"";"47443"
"628";"Luiter Straße";"";"6";"1";"3";"9";"1";"";"47506,47447"
"629";"Lupinenweg";"";"6";"1";"3";"9";"1";"";"47447"
"630";"Lützstraße";"";"2";"8";"10";"1";"8";"";"47443"
"631";"Magnolienweg";"";"4";"9";"20";"10";"9";"";"47445"
"632";"Maiblumenstraße";"";"6";"1";"3";"9";"1";"";"47447"
"633";"Mainstraße";"";"9";"7";"16";"7";"7";"";"47443"
"634";"Malmedyer Straße";"";"9";"7";"9";"7";"7";"";"47443"
"635";"Malvenstraße";"";"8";"4";"11";"6";"4";"";"47445"
"636";"Marc-Aurel-Straße";"";"10";"6";"4";"3";"6";"";"47441"
"637";"Marderweg";"";"10";"5";"13";"2";"5";"";"47441"
"638";"Margarethenstraße";"";"1";"3";"6";"4";"3";"";"47447"
"639";"Maria-Djuk-Straße";"";"1";"3";"6";"4";"3";"";"47447"
"640";"Maria-Juchacz-Straße";"";"7";"9";"5";"6";"9";"";"47445"
"641";"Marienburger Straße";"";"9";"7";"9";"7";"7";"";"47443"
"642";"Marienstraße";"";"6";"1";"3";"9";"1";"";"47447"
"643";"Markt";"";"4";"9";"20";"10";"9";"";"47445"
"644";"Marktstraße";"";"8";"4";"10";"6";"4";"";"47445"
"645";"Marsweg";"";"2";"8";"11";"1";"8";"";"47443"
"646";"Martin-Luther-Ring";"";"1";"3";"6";"4";"3";"";"47447"
"647";"Martinstraße";"";"5";"6";"4";"5";"6";"";"47441"
"648";"Masurenstraße";"";"8";"4";"10";"6";"4";"";"47445"
"649";"Max-Beckmann-Straße";"";"6";"2";"1";"4";"2";"";"47447"
"650";"Max-Planck-Straße";"";"5";"6";"5";"5";"6";"";"47447"
"651";"Maxstraße";"";"10";"10";"7";"3";"10";"";"47443"
"652";"Meerstraße";"";"3";"6";"8";"9";"6";"";"47441"
"653";"Meisenweg";"";"3";"2";"8";"9";"2";"";"47441"
"654";"Melanchthonstraße";"";"1";"3";"6";"4";"3";"";"47447"
"655";"Melissenstraße";"";"8";"4";"11";"6";"4";"";"47445"
"656";"Memelstraße";"";"8";"4";"10";"6";"4";"";"47445"
"657";"Menzelstraße";"";"1";"3";"2";"4";"3";"";"47447"
"658";"Mercatorstraße";"";"5";"6";"2";"5";"6";"";"47441"
"659";"Merkurweg";"";"2";"8";"11";"1";"8";"";"47443"
"660";"Merlinstraße";"";"2";"8";"11";"1";"8";"";"47443"
"661";"Merowingerstraße";"";"8";"4";"10";"6";"4";"";"47445"
"662";"Meteorstraße";"";"2";"8";"11";"1";"8";"";"47443"
"663";"Mettlacher Straße";"";"9";"7";"16";"7";"7";"";"47443"
"664";"Michael-Ende-Ring";"";"6";"1";"3";"9";"1";"";"47447"
"665";"Mimosenweg";"";"4";"9";"20";"10";"9";"";"47445"
"666";"Mittelstraße";"";"5";"6";"2";"8";"6";"";"47506,47441"
"667";"Moerser Benden";"";"3";"4";"8";"8";"4";"";"47441"
"668";"Moerser Heide";"";"10";"5";"7";"2";"5";"";"47443"
"669";"Moerser Straße";"1-99,2-48";"6";"1";"3";"9";"1";"";"47447"
"670";"Moerser Straße";"115-181,50-108";"6";"1";"1";"4";"1";"";"47447"
"671";"Mollbergstraße";"";"8";"7";"15";"1";"7";"";"47445"
"672";"Moltkestraße";"";"6";"1";"3";"9";"1";"";"47447"
"673";"Mönchsweg";"";"4";"4";"20";"10";"4";"";"47445"
"674";"Mondweg";"";"2";"8";"11";"1";"8";"";"47443"
"675";"Moosweg";"";"2";"10";"10";"2";"10";"";"47443"
"676";"Moritzweg";"";"10";"5";"7";"2";"5";"";"47443"
"677";"Moselstraße";"";"9";"7";"9";"7";"7";"";"47443"
"678";"Möwenweg";"";"3";"2";"8";"9";"2";"";"47441"
"679";"Mozartstraße";"";"6";"1";"3";"9";"1";"";"47506,47447"
"680";"Mühlenfeldstraße";"";"4";"4";"20";"10";"4";"";"47445"
"681";"Mühlenstraße";"";"3";"4";"8";"8";"4";"";"47506,47441"
"682";"Mühlgrabenweg";"";"7";"9";"5";"6";"9";"";"47445"
"683";"Münchenstraße";"";"5";"6";"4";"5";"6";"";"47441"
"684";"Nachtigallenweg";"";"3";"2";"8";"9";"2";"";"47441"
"685";"Nahestraße";"";"6";"1";"3";"9";"1";"";"47447"
"686";"Narzissenweg";"";"6";"1";"3";"9";"1";"";"47447"
"687";"Neckarstraße";"";"9";"7";"9";"7";"7";"";"47443"
"688";"Nehrunger Weg";"";"7";"9";"10";"6";"9";"";"47445"
"689";"Neißestraße";"";"7";"4";"19";"6";"4";"";"47445"
"690";"Nelkenstraße";"";"6";"1";"3";"9";"1";"";"47506,47447"
"691";"Neptunweg";"";"2";"8";"11";"1";"8";"";"47443"
"692";"Neuer Wall";"";"3";"6";"8";"8";"6";"";"47441"
"693";"Neukirchener Straße";"";"6";"1";"3";"9";"1";"";"47447"
"694";"Neumarkt";"";"3";"6";"8";"8";"6";"";"47441"
"695";"Neustraße";"";"3";"6";"8";"9";"6";"";"47441"
"696";"Nibelungenstraße";"";"8";"4";"11";"6";"4";"";"47445"
"697";"Niederfeldweg";"";"1";"3";"6";"4";"3";"";"47447"
"699";"Niederstraße";"";"3";"6";"8";"9";"6";"";"47441"
"700";"Nieper Straße";"";"6";"1";"3";"9";"1";"";"47506,47802,47447"
"701";"Niephauser Straße";"";"4";"9";"20";"10";"9";"";"47445"
"703";"Nikolai-Martynenko-Weg";"";"7";"7";"15";"1";"7";"";"47443"
"704";"Nikolaus-Groß-Straße";"";"7";"4";"12";"6";"4";"";"47445"
"705";"Nikolausweg";"";"1";"3";"6";"4";"3";"";"47447"
"706";"Norbertstraße";"";"6";"1";"3";"9";"1";"";"47447"
"707";"Nordring";"";"3";"4";"17";"8";"4";"";"47441"
"708";"Nordstraße";"";"6";"1";"3";"9";"1";"";"47506,47447"
"709";"Nußbaumweg";"";"1";"2";"1";"4";"2";"";"47447"
"710";"Obere Birk";"";"2";"10";"15";"2";"10";"";"47443"
"711";"Oberwallstraße";"";"3";"6";"8";"9";"6";"";"47441"
"712";"Oderstraße";"";"7";"4";"19";"6";"4";"";"47506,47445"
"713";"Oedenburger Straße";"";"9";"7";"16";"7";"7";"";"47443"
"714";"Oestrumer Straße";"";"1";"3";"1";"3";"3";"";"47441"
"715";"Oleanderweg";"";"4";"9";"20";"10";"9";"";"47445"
"716";"Oppelner Straße";"";"2";"8";"10";"1";"8";"";"47443"
"717";"Orchideenstraße";"";"6";"1";"3";"9";"1";"";"47447"
"718";"Orsoyer Allee";"";"8";"7";"15";"1";"7";"";"47445"
"719";"Ostring";"";"3";"6";"17";"8";"6";"";"47441"
"720";"Oststraße";"";"4";"4";"20";"10";"4";"";"47445"
"721";"Otto-Hue-Straße";"";"3";"6";"17";"8";"6";"";"47441"
"722";"Otto-Lilienthal-Straße";"";"3";"9";"14";"6";"9";"";"47445"
"723";"Otto-Ottsen-Straße";"";"5";"6";"5";"8";"6";"";"47441"
"724";"Ottostraße";"";"10";"10";"7";"3";"10";"";"47443"
"725";"Packertstraße";"";"10";"5";"13";"2";"5";"";"47441"
"726";"Pappelstraße";"";"1";"2";"1";"4";"2";"";"47506,47447"
"727";"Parkstraße";"";"4";"9";"20";"10";"9";"";"47506,47445"
"728";"Parsickstraße";"";"3";"2";"12";"9";"2";"";"47441"
"729";"Pattbergstraße";"";"4";"4";"20";"10";"4";"";"47445"
"730";"Paul-Keller-Straße";"";"4";"9";"20";"10";"9";"";"47445"
"731";"Paul-Schmitthenner-Straße";"";"2";"10";"7";"5";"10";"";"47443"
"732";"Paulstraße";"";"6";"1";"3";"9";"1";"";"47447"
"733";"Pestalozzistraße";"";"8";"4";"19";"6";"4";"";"47445"
"734";"Peterstraße";"";"5";"6";"4";"5";"6";"";"47441"
"735";"Peter-Vischer-Straße";"";"1";"3";"2";"3";"3";"";"47447"
"736";"Peter-Zimmer-Straße";"";"2";"10";"7";"7";"10";"";"47443"
"737";"Pfefferstraße";"";"3";"6";"8";"9";"6";"";"47441"
"738";"Pferdsweide";"";"3";"4";"14";"10";"4";"";"47441"
"739";"Pinienweg";"";"1";"2";"1";"4";"2";"";"47447"
"740";"Pirolweg";"";"3";"2";"8";"9";"2";"";"47441"
"741";"Planetenstraße";"";"2";"8";"11";"1";"8";"";"47443"
"742";"Platanenweg";"";"1";"2";"1";"4";"2";"";"47447"
"743";"Plißstraße";"";"4";"4";"20";"10";"4";"";"47445,47475"
"744";"Plutoring";"";"2";"8";"11";"1";"8";"";"47443"
"745";"Posener Straße";"";"6";"1";"3";"9";"1";"";"47506,47447"
"746";"Postillionstraße";"";"4";"9";"20";"10";"9";"";"47445"
"747";"Prinzenstraße";"";"5";"6";"5";"8";"6";"";"47441"
"748";"Pusenhof";"";"4";"9";"20";"10";"9";"";"47445"
"750";"Raiffeisenstraße";"";"3";"9";"14";"10";"9";"";"47506,47445"
"751";"Rathausallee";"";"7";"4";"5";"6";"4";"";"47445"
"753";"Rayer Straße";"";"4";"9";"20";"10";"9";"";"47445"
"754";"Reichenbachstraße";"";"5";"6";"5";"5";"6";"";"47441"
"755";"Reichweinstraße";"";"5";"6";"1";"5";"6";"";"47441"
"756";"Reinhardstraße";"";"5";"6";"4";"5";"6";"";"47441"
"757";"Reinhold-Büttner-Straße";"";"7";"4";"12";"6";"4";"";"47445"
"758";"Reitweg";"";"8";"4";"20";"6";"4";"";"47445,47495"
"759";"Rembrandtstraße";"";"1";"3";"2";"4";"3";"";"47447"
"760";"Repelener Straße";"";"3";"2";"8";"8";"2";"";"47506,47441"
"762";"Rheinberger Straße";"1-101,2-104";"3";"4";"17";"8";"4";"";"47441"
"763";"Rheinberger Straße";"103-367,104-310";"8";"4";"19";"6";"4";"";"47445"
"765";"Rheinberger Straße";"369-Ende,312-Ende";"8";"4";"20";"6";"4";"";"47445, 47441"
"767";"Rheinkamper Straße";"";"8";"4";"20";"6";"4";"";"47445"
"768";"Rheinlandstraße";"";"4";"4";"20";"10";"4";"";"47445"
"769";"Rheinpreußenstraße";"";"8";"4";"19";"6";"4";"";"47445"
"770";"Rheinstraße";"";"6";"1";"3";"9";"1";"";"47447"
"771";"Ricardastraße";"";"6";"1";"3";"9";"1";"";"47447"
"772";"Richard-Löchel-Straße";"";"3";"4";"14";"10";"4";"";"47441"
"773";"Richardstraße";"";"3";"9";"14";"6";"9";"";"47445,47506"
"774";"Richard-Wagner-Straße";"";"6";"1";"3";"9";"1";"";"47506,47447"
"775";"Riesengebirgsstraße";"";"7";"4";"19";"6";"4";"";"47445"
"776";"Rieserstraße";"";"3";"2";"12";"9";"2";"";"47441"
"777";"Ringstraße";"";"6";"1";"3";"9";"1";"";"47506,47447"
"778";"Robert-Koch-Straße";"";"6";"1";"3";"9";"1";"";"47447"
"779";"Robertstraße";"";"1";"3";"1";"3";"3";"";"47441"
"780";"Robinienweg";"";"1";"2";"1";"4";"2";"";"47447"
"781";"Roderichstraße";"";"1";"5";"13";"3";"5";"";"47441"
"782";"Römerstraße";"1-375,2-384";"1";"5";"1";"3";"5";"";"47441"
"783";"Römerstraße";"377-471a,386-464";"7";"5";"13";"3";"5";"";"47441"
"789";"Rominter Heide";"";"7";"9";"10";"6";"9";"";"47445"
"790";"Röntgenweg";"";"5";"6";"5";"5";"6";"";"47447"
"791";"Roseggerstraße";"";"8";"7";"15";"1";"7";"";"47445"
"792";"Rosendahlstraße";"";"6";"1";"3";"9";"1";"";"47447"
"793";"Rosenstraße";"";"6";"1";"3";"9";"1";"";"47447"
"794";"Rosmarinweg";"";"8";"4";"11";"6";"4";"";"47445"
"795";"Rotdornweg";"";"1";"2";"1";"4";"2";"";"47447"
"796";"Rotkehlchenweg";"";"3";"2";"8";"9";"2";"";"47441"
"797";"Rubensstraße";"";"1";"3";"2";"4";"3";"";"47447"
"798";"Rudastraße";"";"2";"8";"10";"1";"8";"";"47443"
"799";"Rudolfstraße";"";"6";"1";"3";"9";"1";"";"47447"
"800";"Ruhrorter Straße";"";"5";"6";"1";"3";"6";"";"47441"
"801";"Ruhrstraße";"";"9";"7";"9";"7";"7";"";"47443"
"802";"Rungestraße";"";"1";"3";"2";"3";"3";"";"47447"
"803";"Rüsterweg";"";"7";"4";"19";"6";"4";"";"47445"
"804";"Rüttgersweg";"";"3";"2";"12";"9";"2";"";"47441"
"805";"Saarbrücker Straße";"";"9";"7";"16";"7";"7";"";"47443"
"806";"Saarstraße";"";"6";"1";"3";"9";"1";"";"47447"
"807";"Sachsenstraße";"";"1";"3";"1";"3";"3";"";"47441,47447"
"808";"Salbeiweg";"";"8";"4";"11";"6";"4";"";"47445"
"810";"Samlandstraße";"";"7";"9";"10";"6";"9";"";"47445"
"811";"Sandforter Straße";"";"3";"9";"14";"10";"9";"";"47441"
"812";"Sandsteinweg";"";"10";"5";"7";"3";"5";"";"47441"
"813";"Sandstraße";"";"2";"10";"10";"2";"10";"";"47443,47199,47198"
"814";"Saturnring";"";"2";"8";"11";"1";"8";"";"47443"
"815";"Sauerbruchstraße";"";"6";"1";"3";"9";"1";"";"47447"
"816";"Schaltbruchweg";"";"6";"1";"3";"9";"1";"";"47447"
"817";"Schardeyshof";"";"2";"8";"11";"1";"8";"";"47443"
"818";"Schauenhof";"";"1";"3";"6";"4";"3";"";"47447"
"819";"Scherpenberger Straße";"";"2";"10";"10";"2";"10";"";"47443,47199"
"820";"Schietenweg";"";"3";"9";"14";"6";"9";"";"47506,47445"
"821";"Schillerstraße";"";"8";"7";"15";"1";"7";"";"47506,47445"
"822";"Schlägelstraße";"";"9";"7";"16";"7";"7";"";"47443"
"823";"Schlehenstraße";"";"8";"4";"11";"6";"4";"";"47445"
"824";"Schmale Straße";"";"10";"10";"15";"2";"10";"";"47443"
"825";"Schmiedegasse";"";"1";"3";"6";"4";"3";"";"47447"
"826";"Schöddungstraße";"";"6";"1";"3";"9";"1";"";"47447,47802"
"827";"Schöllingstraße";"";"2";"8";"11";"1";"8";"";"47443"
"828";"Scholtenstraße";"";"2";"8";"11";"1";"8";"";"47443"
"829";"Schopenhauerstraße";"";"5";"6";"5";"5";"6";"";"47447"
"830";"Schubertstraße";"";"6";"1";"3";"9";"1";"";"47506,47447"
"831";"Schulstraße";"";"6";"1";"3";"9";"1";"";"47447"
"832";"Schulze-Delitzsch-Straße";"";"3";"9";"14";"10";"9";"";"47445"
"833";"Schürkampsweg";"";"4";"4";"20";"10";"4";"";"47445"
"834";"Schustergasse";"";"3";"6";"8";"9";"6";"";"47441"
"835";"Schwafheimer Weg";"";"6";"2";"1";"4";"2";"";"47447"
"836";"Schwalbenstraße";"";"3";"2";"12";"9";"2";"";"47506,47441"
"837";"Schwanenring";"";"3";"2";"8";"9";"2";"";"47441"
"838";"Schwanstraße";"";"4";"9";"18";"10";"9";"";"47445"
"839";"Schwarzer Weg";"";"1";"3";"6";"4";"3";"";"47447"
"840";"Sedanstraße";"";"5";"6";"5";"8";"6";"";"47441"
"841";"Seeweg";"";"1";"3";"2";"3";"3";"";"47447"
"842";"Seidelbastweg";"";"8";"4";"11";"6";"4";"";"47445"
"843";"Seilstraße";"";"9";"7";"16";"7";"7";"";"47443"
"844";"Seitenstraße";"";"2";"10";"10";"2";"10";"";"47443"
"845";"Selma-Lagerlöf-Straße";"";"6";"1";"3";"9";"1";"";"47447"
"846";"Seminarstraße";"";"3";"6";"17";"8";"6";"";"47441"
"847";"Siedweg";"";"1";"3";"2";"3";"3";"";"47447,47441"
"849";"Siegfriedstraße";"";"2";"10";"10";"2";"10";"";"47443"
"850";"Siegstraße";"";"9";"7";"16";"7";"7";"";"47443"
"851";"Siemensweg";"";"5";"6";"5";"5";"6";"";"47447"
"852";"Silberseeweg";"";"6";"1";"3";"9";"1";"";"47447"
"853";"Sittardsweg";"";"1";"2";"1";"4";"2";"";"47447"
"854";"Skirenstraße";"";"8";"4";"11";"6";"4";"";"47445"
"855";"Sonnenring";"";"2";"8";"11";"1";"8";"";"47443"
"856";"Sophienstraße";"";"6";"1";"3";"9";"1";"";"47447"
"857";"Spechtweg";"";"3";"2";"12";"9";"2";"";"47441"
"858";"Sperberweg";"";"3";"2";"12";"9";"2";"";"47441"
"859";"Sperlingsweg";"";"3";"2";"8";"9";"2";"";"47506,47441"
"860";"Spichernstraße";"";"5";"6";"5";"8";"6";"";"47447"
"861";"Spitzwegstraße";"";"1";"3";"2";"4";"3";"";"47447"
"862";"Spreestraße";"";"6";"1";"3";"9";"1";"";"47447"
"863";"Stappfeldstraße";"";"8";"4";"20";"6";"4";"";"47445"
"864";"Starenweg";"";"3";"2";"8";"9";"2";"";"47441"
"865";"Staufenstraße";"";"8";"4";"11";"6";"4";"";"47445"
"866";"Stefanstraße";"";"10";"5";"13";"3";"5";"";"47441"
"868";"Steinbrückenstraße";"";"3";"1";"12";"9";"1";"";"47441"
"869";"Steinstraße";"";"3";"6";"8";"9";"6";"";"47441"
"870";"Sternstraße";"";"4";"4";"20";"10";"4";"";"47445"
"871";"Steubenstraße";"";"6";"1";"3";"9";"1";"";"47447"
"872";"Stoberstraße";"";"2";"8";"10";"1";"8";"";"47443"
"873";"Stormstraße";"";"4";"9";"20";"10";"9";"";"47445"
"874";"Stufenweg";"";"1";"3";"6";"4";"3";"";"47447"
"875";"Südring";"";"5";"6";"5";"8";"6";"";"47441"
"876";"Südstraße";"";"1";"6";"1";"5";"6";"";"47441"
"877";"Talstraße";"";"4";"9";"18";"10";"9";"";"47445"
"878";"Tannenbergstraße";"";"2";"10";"15";"5";"10";"";"47443"
"879";"Tannenstraße";"";"1";"2";"1";"4";"2";"";"47447"
"880";"Taubenstraße";"";"2";"8";"11";"1";"8";"";"47443"
"881";"Taxusweg";"";"3";"2";"14";"10";"2";"";"47441"
"882";"Tersteegenstraße";"";"5";"6";"2";"5";"6";"";"47441,47506"
"883";"Tervoorter Waldweg";"";"3";"4";"14";"10";"4";"";"47445"
"884";"Tervoortstraße";"";"8";"4";"11";"6";"4";"";"47445"
"885";"Teutonenstraße";"";"5";"6";"1";"5";"6";"";"47441"
"886";"Theodor-Heuss-Straße";"";"7";"4";"12";"6";"4";"";"47445"
"887";"Thomas-Edison-Straße";"";"3";"9";"14";"6";"9";"";"47445"
"888";"Thomas-Igl-Straße";"";"3";"2";"12";"9";"2";"";"47441"
"889";"Thymianweg";"";"8";"4";"11";"6";"4";"";"47445"
"890";"Tilsiter Straße";"";"7";"9";"10";"6";"9";"";"47445"
"891";"Timmermansstraße";"";"4";"9";"20";"10";"9";"";"47445"
"892";"Tirgrathsfeldweg";"";"1";"2";"1";"4";"2";"";"47447"
"893";"Titusstraße";"";"10";"5";"4";"3";"5";"";"47441"
"894";"Tonstraße";"";"10";"5";"7";"3";"5";"";"47441"
"895";"Torallee";"";"6";"2";"1";"4";"2";"";"47447"
"896";"Trajanstraße";"";"9";"8";"9";"7";"8";"";"47443"
"897";"Trakehnenstraße";"";"8";"4";"10";"6";"4";"";"47445"
"898";"Trebnitzer Straße";"";"2";"8";"10";"1";"8";"";"47443"
"899";"Treibweg";"";"2";"10";"15";"2";"10";"";"47443"
"901";"Trompeter Straße";"";"1";"3";"1";"3";"3";"";"47441"
"902";"Tucheler Weg";"";"8";"4";"10";"6";"4";"";"47445"
"903";"Tulpenstraße";"";"6";"1";"3";"9";"1";"";"47447"
"904";"Uerdinger Straße";"";"5";"6";"2";"8";"6";"";"47441"
"906";"Uhlandstraße";"";"8";"7";"15";"1";"7";"";"47445"
"907";"Ulmenstraße";"";"1";"2";"1";"4";"2";"";"47447"
"908";"Ulrich-von-Hutten-Straße";"";"8";"7";"15";"1";"7";"";"47445"
"909";"Universumplatz";"";"2";"8";"11";"1";"8";"";"47443"
"910";"Unter den Erlen";"";"2";"10";"10";"2";"10";"";"47443"
"911";"Unter den Kiefern";"";"2";"10";"10";"2";"10";"";"47443"
"912";"Unter den Platanen";"";"3";"2";"12";"9";"2";"";"47441"
"913";"Unterwallstraße";"";"3";"6";"8";"8";"6";"";"47441"
"914";"Uranusring";"";"2";"8";"11";"1";"8";"";"47443"
"915";"Van-Endert-Weg";"";"8";"4";"10";"6";"4";"";"47445"
"916";"Veilchenweg";"";"6";"1";"3";"9";"1";"";"47447"
"917";"Veit-Stoß-Straße";"";"1";"3";"2";"3";"3";"";"47447"
"918";"Venloer Straße";"";"5";"1";"12";"9";"1";"";"47447,47441"
"920";"Venusweg";"";"2";"8";"11";"1";"8";"";"47443"
"921";"Vereinsstraße";"";"1";"3";"6";"4";"3";"";"47447"
"922";"Verholzerhof";"";"6";"1";"3";"9";"1";"";"47447"
"923";"Vichter Acker";"";"7";"9";"5";"6";"9";"";"47445"
"924";"Vierbaumer Weg";"";"8";"4";"20";"6";"4";"";"47445"
"926";"Viertelsheideweg";"";"1";"2";"1";"4";"2";"";"47447"
"927";"Viktoriastraße";"";"2";"10";"10";"2";"10";"";"47443"
"928";"Vinner Straße";"";"1";"6";"1";"5";"6";"";"47447,47441"
"929";"Vinngrabenstraße";"";"1";"3";"6";"4";"3";"";"47447"
"930";"Vinzenzstraße";"";"2";"6";"17";"5";"6";"";"47441"
"931";"Voßrather Straße";"";"5";"6";"5";"5";"6";"";"47441"
"932";"Wacholderstraße";"";"1";"3";"6";"4";"3";"";"47447"
"933";"Wachtelweg";"";"3";"2";"8";"9";"2";"";"47441"
"934";"Waldenburger Straße";"";"7";"4";"19";"6";"4";"";"47506,47445"
"935";"Waldmeisterstraße";"";"8";"4";"11";"6";"4";"";"47445"
"937";"Waldstraße";"";"1";"3";"2";"3";"3";"";"47447,47506"
"938";"Walpurgisstraße";"";"3";"2";"12";"9";"2";"";"47441"
"939";"Walter-Karentz-Straße";"";"6";"1";"3";"9";"1";"";"47447"
"940";"Walterstraße";"";"5";"6";"5";"5";"6";"";"47441"
"941";"Warndtstraße";"";"9";"7";"16";"7";"7";"";"47443"
"942";"Warthestraße";"";"9";"8";"9";"7";"8";"";"47443"
"943";"Wedenhofstraße";"";"7";"9";"5";"6";"9";"";"47445"
"944";"Wefortstraße";"";"4";"4";"20";"10";"4";"";"47445"
"945";"Wehmstraße";"";"6";"1";"3";"9";"1";"";"47447"
"946";"Weidenweg";"";"1";"2";"1";"4";"2";"";"47447"
"947";"Weißdornweg";"";"1";"2";"1";"4";"2";"";"47447"
"948";"Welfenstraße";"";"8";"4";"11";"6";"4";"";"47445"
"949";"Werdauer Straße";"";"9";"7";"16";"7";"7";"";"47443"
"950";"Wernerstraße";"";"6";"1";"3";"9";"1";"";"47447"
"951";"Werrastraße";"";"9";"8";"9";"7";"8";"";"47443"
"952";"Weserstraße";"";"9";"7";"16";"7";"7";"";"47506,47443"
"953";"Westerbruchstraße";"";"2";"8";"10";"1";"8";"";"47443"
"954";"Wetterstraße";"";"9";"7";"16";"7";"7";"";"47443"
"955";"Weyerstraße";"";"3";"2";"12";"9";"2";"";"47441"
"956";"Weygoldstraße";"";"3";"6";"17";"8";"6";"";"47441"
"957";"Wickenstraße";"";"6";"1";"3";"9";"1";"";"47447"
"958";"Widukindstraße";"";"1";"3";"1";"3";"3";"";"47441"
"959";"Wiedekamp";"";"10";"5";"13";"2";"5";"";"47441"
"960";"Wiedstraße";"";"5";"6";"5";"8";"6";"";"47441"
"961";"Wielandstraße";"";"8";"7";"15";"1";"7";"";"47445"
"962";"Wienbergshof";"";"8";"4";"10";"6";"4";"";"47445"
"963";"Wiesenpfad";"";"6";"2";"1";"1";"5";"1";"47447"
"964";"Wiesenstraße";"";"2";"10";"10";"2";"10";"";"47506,47443"
"965";"Wilfriedstraße";"";"10";"5";"7";"2";"5";"";"47443"
"966";"Wilhelm-Anlahr-Straße";"";"6";"2";"1";"4";"2";"";"47447"
"967";"Wilhelm-Busch-Weg";"";"6";"1";"3";"9";"1";"";"47447"
"968";"Wilhelm-Müller-Straße";"";"5";"6";"4";"5";"6";"";"47441"
"969";"Wilhelm-Schroeder-Straße";"";"3";"6";"17";"8";"6";"";"47441"
"970";"Windmühlenstraße";"";"4";"9";"18";"10";"9";"";"47445"
"971";"Winkelhauser Straße";"";"1";"3";"1";"3";"3";"";"47441"
"972";"Winkelstraße";"";"7";"4";"19";"6";"4";"";"47445"
"974";"Wolfgangstraße";"";"5";"6";"4";"5";"6";"";"47441"
"975";"Wörthstraße";"";"5";"6";"5";"8";"6";"";"47441"
"976";"Wupperstraße";"";"6";"1";"3";"9";"1";"";"47447"
"977";"Xantener Straße";"";"5";"6";"2";"5";"6";"";"47441"
"978";"Xeniastraße";"";"5";"6";"4";"5";"6";"";"47441"
"979";"Zahnstraße";"";"5";"6";"5";"8";"6";"";"47441,47447"
"980";"Zechenstraße";"";"2";"10";"10";"2";"10";"";"47443"
"981";"Zedernweg";"";"1";"3";"6";"4";"3";"";"47447"
"982";"Zeisigweg";"";"3";"2";"8";"9";"2";"";"47506,47441"
"983";"Ziegelstraße";"";"2";"10";"5";"7";"10";"";"47443"
"984";"Ziethenstraße";"";"8";"7";"15";"1";"7";"";"47445"
"985";"Zillestraße";"";"1";"3";"2";"3";"3";"";"47447"
"986";"Zinnastraße";"";"2";"8";"10";"1";"8";"";"47443"
"987";"Zu den Tannen";"";"2";"10";"10";"2";"10";"";"47443"
"988";"Zum Egelsberg";"";"6";"1";"3";"9";"1";"";"47447"
"989";"Zum Flutgraben";"";"3";"2";"12";"9";"2";"";"47441"
"990";"Zum Galgenberg";"";"9";"8";"5";"7";"8";"";"47443"
"991";"Zum Giesenhof";"";"3";"9";"14";"10";"9";"";"47445"
"992";"Zum Illbruckshof";"";"6";"2";"1";"4";"2";"";"47447"
"993";"Zum Peschkensgraben";"";"3";"9";"14";"10";"9";"";"47441"
"994";"Zum Schürmannsgraben";"";"3";"4";"14";"8";"4";"";"47441"
"995";"Zum Ueltgesforthof";"";"3";"2";"12";"9";"2";"";"47441"
"996";"Zur Alten Schmiede";"";"3";"2";"12";"9";"2";"";"47441"
"997";"Zur Ladengasse";"";"7";"9";"5";"6";"9";"";"47445"
"998";"Zur Schwafheimer Heide";"";"1";"3";"2";"3";"3";"";"47447"
"999";"Zwickauer Straße";"";"9";"7";"9";"7";"7";"";"47443"
"1000";"Zwinglistraße";"";"1";"3";"6";"4";"3";"";"47447"
"1001";"Zypressenweg";"";"1";"2";"1";"4";"2";"";"47447"
"1005";"Zum Bollwerk";"";"2";"6";"17";"5";"6";"";"47443"
"1007";"Bindestraße";"";"1";"3";"6";"4";"3";"";"47447"
"1008";"An der Cölve";"";"1";"3";"6";"4";"3";"";"47447"
"1009";"Pfarrer-Ulaga-Straße";"";"2";"8";"9";"7";"8";"";"47443"
"1010";"Heinz-Kremers-Straße";"";"1";"6";"1";"5";"6";"";"47441"
"1011";"Willy-Brandt-Allee";"";"7";"9";"5";"6";"9";"";"47445"
"1012";"Yitzhak-Rabin-Straße";"";"7";"9";"12";"6";"9";"";"47445"
"1013";"Olof-Palme-Straße";"";"7";"9";"5";"6";"9";"";"47445"
"1014";"Ludwig-Erhard-Straße";"";"7";"9";"5";"6";"9";"";"47445"
"1017";"Knappschaftstraße";"";"3";"6";"17";"8";"6";"";"47441"
"1018";"Frieda-Nadig-Straße";"";"10";"5";"13";"2";"5";"";"47441"
"1019";"Helene-Weber-Straße";"";"10";"5";"13";"2";"5";"";"47441"
"1020";"Helene-Wessel-Straße";"";"10";"5";"13";"2";"5";"";"47441"
"1021";"James-Watt-Straße";"";"3";"9";"14";"6";"9";"";"47506"
"1022";"Kerrygoldstraße";"";"3";"9";"14";"6";"9";"";"47506"
"1023";"Merbisstraße";"";"3";"9";"14";"6";"9";"";"47506"
"1026";"Asberger Straße";"Jan56";"5";"1";"4";"5";"6";"1";"47441"
"1027";"Asberger Straße";"59-204";"1";"6";"4";"3";"6";"";"47441"
"1028";"Düsseldorfer Straße";"Jan55";"1";"5";"6";"2";"4";"1";"47441"
"1029";"Düsseldorfer Straße";"95-491";"1";"3";"6";"4";"3";"";"47447"
"1030";"Eickhausweg";"";"3";"9";"14";"6";"9";"";"47506"
"1031";"Homberger Straße";"1-59,2-60";"3";"6";"2";"8";"6";"";"47441"
"1032";"Homberger Straße";"61-109,62-120";"2";"6";"2";"5";"6";"";"47441"
"1033";"Salvienweg";"";"6";"1";"3";"9";"1";"";"47447"
"1034";"Steigerstraße";"Jan20";"8";"2";"19";"3";"3";"1";"47445"
"1035";"Steigerstraße";"75-101a";"8";"7";"15";"1";"7";"";"47445"
"1036";"Wittfeldstraße";"Jan38";"3";"1";"17";"3";"6";"1";"47441"
"1037";"Wittfeldstraße";"49-71";"8";"4";"19";"6";"4";"";"47445"
"1039";"An den Filder Benden";"";"5";"6";"5";"8";"6";"";"47441,47447"
"1040";"Clara-Immerwahr-Straße";"";"5";"6";"1";"5";"6";"";"47441"
"1041";"Edekaplatz";"";"8";"4";"19";"6";"4";"";"47445"
"1042";"Lise-Meitner-Straße";"";"5";"6";"1";"5";"6";"";"47441"
"1043";"Marie-Curie-Straße";"";"5";"6";"1";"5";"6";"";"47441,47447"
"1044";"Am Schlosspark";"";"3";"6";"8";"9";"6";"";"47441"
"1045";"Walter-Leese-Straße";"";"2";"8";"11";"1";"8";"";"47443"
"1046";"Zur Alten Wassermühle";"";"3";"2";"12";"9";"2";"";"47447"
"1047";"Rheinhausener Straße";"";"5";"6";"4";"5";"6";"";"47441"
"1048";"Illbrucksweg";"Nov49";"6";"2";"1";"1";"5";"1";"47447"
"1049";"Illbrucksweg";"51-83";"6";"1";"3";"9";"1";"";"47447"
"1050";"Liebrechtstraße";"77-165";"8";"4";"11";"6";"4";"";"47445"
"1051";"Liebrechtstraße";"Jan71";"8";"2";"11";"5";"3";"1";"47445"
"1052";"Dr.-H.-Boschheidgen-Straße";"";"5";"6";"5";"8";"6";"";"47447,47441"
"1053";"Essenberger Straße";"1-115,2-116";"10";"5";"2";"3";"5";"";"47441"
"1054";"Rheinberger Straße";"103-367,106-310";"8";"2";"19";"3";"3";"1";"47445"
"1055";"Römerstraße";"473-513,478-522";"7";"5";"13";"2";"5";"";"47443"
"1056";"Römerstraße";"523-Ende,526-Ende";"7";"5";"15";"1";"5";"";"47443, 47445"
"1057";"Asberger Straße";"Jan 56";"5";"6";"4";"3";"6";"";"47441"
"1058";"Düsseldorfer Straße";"Jan 55";"1";"3";"6";"4";"3";"";"47441"
"1059";"Illbrucksweg";"Nov 49";"6";"2";"1";"4";"2";"";"47447"
"1060";"Krefelder Straße";"1-97,2-44";"3";"2";"12";"9";"2";"";"47441"
"1061";"Krefelder Straße";"157-Ende,46-Ende";"6";"1";"12";"9";"1";"";"47441"
"1062";"Liebrechtstraße";"Jan 71";"8";"4";"11";"6";"4";"";"47445"
"1063";"Steigerstraße";"Jan 20";"8";"4";"19";"6";"4";"";"47445"
"1064";"Wittfeldstraße";"Jan 38";"3";"6";"17";"8";"6";"";"47441"