_id;Straße;Restabfall;Biotonne;Papiertonne;Gelber Sack;Grünschnitt;Kehrtag
1;Abteistraße;2;3;8;3;3;
2;Achterrathsheideweg;6;1;3;6;1;
3;Ackerstraße;1;4;6;2;4;
4;Adam-Riese-Straße;2;3;4;2;3;
5;Adlerstraße;3;2;8;3;2;
6;Adolf-Krummacher-Straße;2;3;17;3;3;
7;Agnesstraße;6;1;3;6;1;
8;Ahornstraße;6;2;1;6;2;
9;Akazienstraße;6;2;1;6;2;
10;Albert-Altwicker-Straße;8;10;19;5;10;
11;Albert-Schweitzer-Straße;6;1;3;6;1;
12;Albertstraße;6;1;3;6;1;
13;Alexander-Bell-Straße;4;9;14;3;9;
14;Alexander-Fleming-Weg;6;1;3;6;1;
15;Alexanderstraße;7;5;13;2;5;
16;Alex-Nöthen-Weg;9;6;7;1;6;
17;Alfredstraße;7;5;7;2;5;
18;Allmendestraße;4;9;20;4;9;
19;Alsenstraße;9;8;9;1;8;
20;Altdorferstraße;1;4;2;2;4;
21;Altenbruchstraße;1;4;6;2;4;
22;Alt-Hasselt-Straße;9;8;9;1;8;
23;Altmarkt;3;3;8;3;3;
24;Am Abelshof;4;9;18;3;9;
25;Am Achterrathshof;6;1;3;6;1;
26;Am Agnetenhof;6;2;1;6;2;
27;Am Anger;8;8;15;5;8;
28;Am Bahndamm;7;6;7;2;6;
29;Am Bendmannsfeld;6;1;3;6;1;
30;Am Boschhof;8;10;19;5;10;
31;Am Brink;6;2;3;6;2;
32;Am Burgfeld;1;4;4;2;4;
33;Am Domacker;1;4;2;2;4;
34;Am Dorsterhof;6;1;14;6;1;
35;Am Eulendyck;6;1;3;6;1;
36;Am Feldrain;10;9;11;4;9;
37;Am Fonderschen;3;2;14;3;2;
38;Am Förtgesgraben;6;1;1;6;1;
39;Am Frankenfeld;8;10;11;5;10;
40;Am Fünderich;3;10;16;3;10;
41;Am Geldermannshof;7;5;7;2;5;
42;Am Gerdtbach;5;7;12;5;7;
43;Am Hasloth;10;9;11;4;9;
44;Am Heckmannshof;3;2;14;3;2;
45;Am Heiligen Berg;1;4;2;2;4;
46;Am Holderstrauch;6;2;1;6;2;
47;Am Holtmannshof;6;2;1;6;2;
48;Am Hühnerort;7;5;4;3;5;
49;Am Hülsdonker Busch;3;2;14;3;2;
50;Am Impler Berg;10;10;20;4;10;
51;Am Jostenhof;3;2;14;3;2;
52;Am Jungbornpark;4;9;18;4;9;
53;Am Klömpkenshof;6;2;1;6;2;
54;Am Kolk;4;9;18;4;9;
55;Am Krähenacker;5;7;12;5;7;
56;Am Meerholz;4;9;18;4;9;
57;Am Meetschenhof;8;10;19;5;10;
58;Am Moersbach;4;9;18;4;9;
59;Am Mönk;4;9;18;3;9;
60;Am Mühlenteich;10;9;11;4;9;
61;Am Neukirchener Kanal;3;1;14;6;1;
62;Am Pandyck;7;5;13;2;5;
63;Am Pannenhof;7;5;13;2;5;
64;Am Pattberg;10;10;20;4;10;
65;Am Peschkenhof;3;1;14;6;1;
66;Am Peterhof;6;2;1;6;2;
67;Am Schrapershof;1;4;6;2;4;
68;Am Schürmannshütt;3;2;14;3;2;
69;Am Sportpark;7;3;4;2;3;
70;Am Sportzentrum;10;9;11;4;9;
71;Am Steinbrink;1;4;6;2;4;
72;Am Utforter Graben;8;10;19;5;10;
73;Am Viegenhof;10;9;11;4;9;
74;Am Vinnbusch;1;4;6;2;4;
75;Am Vutzhof;8;10;19;5;10;
76;Am Weidenbruch;6;1;3;6;1;
77;Am Wiesengrund;6;1;3;6;1;
78;Am Wolfsberg;9;7;7;1;7;
79;Amalienstraße;6;1;3;6;1;
80;Amselstraße;4;9;18;4;9;
81;An den Eichen;8;10;19;5;10;
82;An den Hornbuchen;4;9;18;4;9;
83;An der Beeke;5;7;12;5;7;
84;An der Berufsschule;2;3;17;3;3;
85;An der Halde;9;8;9;1;8;
86;An der Hees;10;9;11;4;9;
87;An der Linde;4;9;18;4;9;
88;An der neuen Mühle;6;1;14;6;1;
89;An der Sandkull;4;9;20;4;9;
90;An der Schneckull;4;9;11;4;9;
91;An Hoffmanns Büschken;3;2;14;3;2;
92;Andreasstraße;1;4;4;2;4;
93;Anemonenweg;6;1;3;6;1;
94;Anglerstraße;4;9;18;4;9;
95;Annabergstraße;9;8;9;1;8;
96;Annastraße;2;3;4;2;3;
97;Anrathsmünde;10;10;20;4;10;
98;Antoniastraße;2;3;4;2;3;
99;Antoniusstraße;7;5;4;2;5;
100;Arminiusstraße;7;5;4;2;5;
101;Arnikaweg;8;10;19;5;10;
102;Arnulfstraße;3;2;8;3;2;
103;Asberger Straße;0;0;0;0;0;1
104;Asdonkshofstraße;10;10;20;4;10;
105;Asterlager Straße;1;5;4;2;5;
106;Asternstraße;6;1;3;6;1;
107;Aubruchsweg;6;2;1;6;2;
108;Auf dem Berg;7;5;7;2;5;
109;Auf dem Hügel;9;7;7;1;7;
110;Auf der Düne;1;4;2;2;4;
111;Auf der Wehm;6;1;3;6;1;
112;Augustastraße;2;3;17;3;3;
113;August-Macke-Straße;6;1;3;6;1;
114;Averdunkshof;2;3;5;3;3;
115;Azaleenweg;4;9;20;4;9;
116;Baerler Straße;2;3;16;1;3;
117;Baggerstraße;9;10;15;4;10;
118;Bahnenstraße;5;7;12;5;7;
119;Bahnhofstraße;6;1;3;6;1;
120;Bankstraße;2;3;16;3;3;
121;Barbarastraße;9;8;9;1;8;
122;Bataverstraße;8;10;19;5;10;
123;Baudenstraße;8;10;19;5;10;
124;Baumstraße;8;10;19;5;10;
125;Baustraße;2;3;16;1;3;
126;Beckerathsweg;4;10;14;3;10;
127;Beckers Kull;10;9;11;4;9;
128;Beethovenstraße;6;1;3;6;1;
129;Begonienstraße;6;1;3;6;1;
130;Behringweg;2;3;5;3;3;
131;Bendmannstraße;6;1;3;6;1;
132;Bergahornstraße;5;6;13;5;6;
133;Bergheideweg;6;2;1;6;2;
134;Bergheimer Straße;1;4;4;2;4;
135;Bergstraße;7;6;7;2;6;
136;Bergwerkstraße;8;10;15;1;10;
137;Bernhardstraße;6;1;3;6;1;
138;Bernsbergerstraße;9;10;15;4;10;
139;Bernsteinstraße;10;9;11;4;9;
140;Bernsweg;4;9;14;3;9;
141;Bertastraße;4;9;14;3;9;
142;Bert-Brecht-Straße;6;1;3;6;1;
143;Bethanienstraße;3;10;16;3;10;
144;Bettenkamper Weg;6;1;14;6;1;
145;Beuthener Straße;9;8;9;1;8;
146;Billstraße;10;10;20;4;10;
147;Birkenpaschhof;3;2;14;3;2;
148;Birkenstraße;6;2;1;6;2;
149;Birnenstraße;4;9;18;4;9;
150;Bismarckstraße;9;8;9;1;8;
151;Blücherstraße;9;7;12;5;7;
152;Blumenstraße;2;3;5;3;3;
153;Boberstraße;8;10;19;5;10;
154;Böckstraße;4;9;18;4;9;
155;Bogenstraße;2;3;4;3;3;
156;Böllerschenweg;3;1;14;6;1;
157;Boltenschütt;6;3;5;3;3;
158;Bonifatiusstraße;7;5;4;2;5;
159;Boschheideweg;6;2;1;6;2;
160;Brahmsstraße;6;1;3;6;1;
161;Breslauer Straße;9;7;9;1;7;
162;Breuelstraße;10;10;20;4;10;
163;Brieger Straße;5;7;10;5;7;
164;Brinkenhof;4;9;18;4;9;
165;Bruchstraße;6;2;3;6;2;
166;Bruckschenweg;3;2;8;3;2;
167;Brückstraße;10;10;20;4;10;
168;Brüggerfeldweg;6;2;1;6;2;
169;Brunostraße;2;3;16;1;3;
170;Bucerstraße;1;4;6;2;4;
171;Buchenweg;6;2;1;6;2;
172;Buchmannstraße;9;6;7;1;6;
173;Budberger Weg;10;10;20;4;10;
174;Bullermannshof;3;10;14;3;10;
175;Bunsenweg;2;3;5;3;3;
176;Bunzlauer Straße;5;7;10;5;7;
177;Burgstraße;3;3;8;3;3;
178;Burgundenstraße;8;10;19;5;10;
179;Buschmannsweg;6;2;1;6;2;
180;Buschstraße;8;10;19;5;10;
181;Bussardweg;3;2;8;3;2;
182;Callunaweg;1;4;6;2;4;
183;Calvinstraße;1;4;6;2;4;
184;Carlo-Schmid-Straße;10;9;11;4;9;
185;Carl-Peschken-Straße;3;10;14;3;10;
186;Carl-von-Ossietzky-Straße;6;1;3;6;1;
187;Carl-Zeiss-Straße;4;9;14;3;9;
188;Cecilienstraße;5;6;13;2;6;
189;Charlottenstraße;6;1;3;6;1;
190;Chemnitzer Straße;2;4;4;3;4;
191;Cheruskerstraße;7;5;4;2;5;
192;Christianstraße;7;5;7;2;5;
193;Christian-von-Wolff-Weg;2;3;5;3;3;
194;Christine-Hirschmann-Weg;5;7;12;5;7;
195;Christine-Teusch-Straße;10;9;11;4;9;
196;Claudiusstraße;7;5;4;2;5;
197;Clausthalstraße;2;3;16;1;3;
198;Cloudtstraße;2;3;16;1;3;
199;Cranachstraße;1;4;2;2;4;
200;Crusestraße;2;3;16;3;3;
201;Dachsweg;3;10;15;1;10;
202;Daheimstraße;1;4;6;2;4;
203;Dahlienweg;6;1;3;6;1;
204;Damaschkestraße;7;6;13;2;6;
205;Danziger Straße;10;9;11;4;9;
206;Davidstraße;7;5;7;2;5;
207;Dessauerstraße;8;8;15;5;8;
208;Diergardtstraße;2;3;5;3;3;
209;Dieselstraße;5;7;12;5;7;
210;Diesterwegstraße;2;3;16;1;3;
211;Dietrichstraße;7;6;13;2;6;
212;Dillschenweg;10;10;20;4;10;
213;Dohlenstraße;5;7;12;5;7;
214;Donaustraße;9;8;9;1;8;
215;Dongrathshof;4;9;18;4;9;
216;Dongstraße;4;9;14;3;9;
217;Dorfstraße;1;4;6;2;4;
218;Dorotheenstraße;2;3;4;2;3;
219;Dorsterfeldstraße;6;1;3;6;1;
220;Dr.-Berns-Straße;3;10;14;3;10;
221;Dr.-Fabricius-Straße;2;3;5;3;3;
222;Dr.-Hermann-Bähr-Straße;3;3;8;3;3;
223;Dr.-H.-Boschheidgen-Str.;2;3;5;3;3;
224;Dr.-Karl-Hirschberg-Straße;2;3;5;3;3;
225;Drennesweg;4;9;14;3;9;
226;Dresdener Ring;2;4;4;2;4;
227;Drinhausstraße;6;1;3;6;1;
228;Drosselstraße;4;9;18;4;9;
229;Droste-Hülshoff-Straße;8;8;15;5;8;
230;Drususstraße;7;5;4;2;5;
231;Duisburger Straße;5;6;10;5;6;
232;Düppelstraße;2;3;5;3;3;
233;Dürerstraße;1;4;2;2;4;
234;Düsseldorfer Straße;0;0;0;0;0;1
235;Edmundstraße;6;1;3;6;1;
236;Eduardstraße;1;4;4;2;4;
237;Egonstraße;6;1;3;6;1;
238;Ehrenmalstraße;6;1;3;6;1;
239;Eibenweg;6;2;1;6;2;
240;Eichbuschweg;6;2;3;6;2;
241;Eichendorffstraße;4;9;18;4;9;
242;Eichenstraße;5;6;13;5;6;
243;Eicker Grund;8;10;19;5;10;
244;Eickschenweg;10;9;11;4;9;
245;Einsteinstraße;2;3;5;3;3;
246;Eisenbahnstraße;8;8;15;5;8;
247;Eisenstraße;9;8;9;1;8;
248;Elbestraße;9;8;9;1;8;
249;Elbinger Ring;8;10;19;5;10;
250;Elenastraße;2;3;4;2;3;
251;Elisabeth-Selbert-Straße;10;9;11;4;9;
252;Elisenstraße;6;1;3;6;1;
253;Elly-Heuss-Knapp-Weg;10;9;11;4;9;
254;Elsterfeldstraße;10;10;20;4;10;
255;Elsterstraße;9;7;12;5;7;
256;Emanuelstraße;4;9;18;4;9;
257;Emil-Nolde-Straße;1;4;2;2;4;
258;Endstraße;4;9;14;3;9;
259;Engelbertstraße;7;5;13;2;5;
260;Engelsberg;5;7;12;5;7;
261;Erftstraße;9;8;9;1;8;
262;Erich-Kästner-Straße;6;1;3;6;1;
263;Erikaweg;1;4;6;2;4;
264;Erlenweg;6;2;1;6;2;
265;Ernst-Barlach-Straße;6;1;3;6;1;
266;Ernst-Holla-Straße;9;6;7;1;6;
267;Ernststraße;7;6;13;2;6;
268;Erzgebirgsstraße;8;10;19;5;10;
269;Eschenweg;6;2;1;6;2;
270;"Essenberger Straße (117-Ende; 118-Ende)";7;5;13;2;5;
271;Eulenweg;3;2;8;3;2;
272;Eupener Platz;9;8;9;1;8;
273;Eupener Straße;9;8;9;1;8;
274;Eurotec-Ring;8;10;15;1;10;
275;Ewaldstraße;6;1;3;6;1;
276;Falkenweg;3;2;8;3;2;
277;Fasanenplatz;3;2;8;3;2;
278;Fasanenstraße;3;2;8;3;2;
279;Feldmannstraße;4;9;18;4;9;
280;Feldstraße;2;3;16;3;3;
281;Felixweg;5;6;13;5;6;
282;Felkestraße;4;9;18;4;9;
283;Fenchelstraße;8;10;19;5;10;
284;Ferdinandstraße;7;5;13;2;5;
285;Ferdinand-Zeppelin-Straße;4;9;14;3;9;
286;Feuerbachstraße;1;4;2;2;4;
287;Fichtenstraße;6;2;1;6;2;
288;Fieselstraße;3;3;8;3;3;
289;Filder Straße;2;3;5;3;3;
290;Finkstraße;4;9;18;4;9;
291;Fliederweg;4;9;20;4;9;
292;Florastraße;7;5;13;2;5;
293;Flurweg;6;2;1;6;2;
294;Föhrenstraße;6;2;1;6;2;
295;Fontanestraße;8;8;15;5;8;
296;Forststraße;9;8;15;5;8;
297;Frankenstraße;8;10;19;5;10;
298;Franz-Haniel-Straße;5;6;10;5;6;
299;Franz-Marc-Straße;6;1;3;6;1;
300;Franz-Saumer-Weg;5;7;12;5;7;
301;Franzstraße;1;4;4;2;4;
302;Freiligrathstraße;4;9;18;3;9;
303;Friedenstraße;8;10;19;5;10;
304;Friedhofstraße;6;1;3;6;1;
305;Friedrich-Ebert-Straße;6;1;3;6;1;
306;Friedrich-Schelling-Straße;2;3;5;3;3;
307;Friedrichstraße;3;3;8;3;3;
308;Friemersheimer Straße;1;5;4;2;5;
309;Friesenstraße;8;10;19;5;10;
310;Frietstraße;10;10;20;4;10;
311;Fritz-Husemann-Straße;10;9;11;4;9;
312;Fritz-Peters-Straße;6;1;3;6;1;
313;Fritz-Reuter-Straße;6;1;3;6;1;
314;Fröbelstraße;2;3;4;3;3;
315;Fuchsienweg;6;1;3;6;1;
316;Fuldastraße;9;7;9;1;7;
317;Gabelsbergerstraße;2;3;16;1;3;
318;Galgenbergsheide;9;7;7;5;7;
319;Gallierring;8;10;19;5;10;
320;Galmesweg;4;9;14;3;9;
321;Gartenstraße;2;3;5;3;3;
322;Gaußstraße;2;3;5;3;3;
323;Gebrüder-Grimm-Platz;6;1;3;6;1;
324;Geldernsche Straße;3;2;14;3;2;
325;Gellertstraße;2;3;16;1;3;
326;Genender Platz;4;9;14;3;9;
327;Genender Weg;4;9;14;3;9;
328;Georgstraße;6;1;3;6;1;
329;Geranienstraße;6;1;3;6;1;
330;Gerhardstraße;7;5;13;2;5;
331;Gerhart-Hauptmann-Straße;4;9;18;4;9;
332;Germanenstraße;7;5;13;2;5;
333;Germendonks Kamp;5;7;12;5;7;
334;Germerdonkstraße;6;1;3;6;1;
335;Gertrud-Bäumer-Straße;10;9;11;4;9;
336;Gertrudenweg;6;1;3;6;1;
337;Gimpelweg;5;7;12;5;7;
338;Ginsterweg;1;4;6;2;4;
339;Gladiolenweg;6;1;3;6;1;
340;Gleiwitzer Straße;5;7;10;5;7;
341;Glogauer Straße;5;7;10;5;7;
342;Glückaufstraße;9;8;9;1;8;
343;Glücksburger Straße;9;7;9;1;7;
344;Goebenstraße;2;3;5;3;3;
345;Goethestraße;2;3;17;3;3;
346;Goldammerweg;3;2;8;3;2;
347;Goldaper Weg;10;9;11;4;9;
348;Goldberger Straße;5;7;10;5;7;
349;Görlitzer Straße;5;7;12;5;7;
350;Gotenstraße;7;5;13;2;5;
351;Grabenstraße;6;1;3;6;1;
352;Grafschafter Straße;9;8;9;1;8;
353;Greefstraße;2;3;16;3;3;
354;Grenzstraße;7;5;13;2;5;
355;Greta-Rothe-Straße;7;5;13;5;5;
356;Grillparzerweg;8;8;15;5;8;
357;Grotfeldsweg;6;1;14;6;1;
358;Grubenstraße;4;9;18;4;9;
359;Grünberger Straße;5;7;10;5;7;
360;Grünbergstraße;4;9;14;3;9;
361;Grüner Weg;9;6;7;1;6;
362;Grünewaldstraße;1;4;2;2;4;
363;Grüngürtel;4;9;18;4;9;
364;Guntherstraße;7;5;13;2;5;
365;Gustav-Grossmann-Straße;10;9;11;4;9;
366;Gutenbergstraße;9;8;15;5;8;
367;Haagstraße;3;3;8;3;3;
368;Haarbeckstraße;4;9;18;4;9;
369;Habichtstraße;4;9;18;4;9;
370;Hadrianstraße;7;5;4;2;5;
371;Haffstraße;10;9;11;4;9;
372;Hagebuttenweg;8;10;19;5;10;
373;Hagenstraße;10;10;20;4;10;
374;Hainbuchenstraße;5;6;13;5;6;
375;Haldenstraße;9;8;9;1;8;
376;Hammerstraße;9;8;9;1;8;
377;Hanckwitzstraße;3;3;8;3;3;
378;Händelstraße;6;1;3;6;1;
379;Hans-Böckler-Straße;6;1;3;6;1;
380;Hans-Sachs-Straße;8;8;15;5;8;
381;Hanns-Albeck-Platz;2;3;8;3;3;
382;Hanns-Dieter-Hüsch-Platz;3;3;8;3;3;
383;Hasenweg;3;2;14;3;2;
384;Haspelstraße;5;6;10;5;6;
385;Hattropstraße;5;7;12;5;7;
386;Havelweg;10;10;19;5;10;
387;Hebbelstraße;8;8;15;5;8;
388;Hedwigstraße;6;1;3;6;1;
389;Hegelstraße;2;3;5;3;3;
390;Heideweg;1;4;6;2;4;
391;Heiermannsweg;4;9;18;4;9;
392;Heimbergstraße;1;5;4;2;5;
393;Heinestraße;4;9;18;3;9;
394;Heinrich-Hertz-Straße;4;9;14;3;9;
395;Heinrich-Mann-Straße;6;1;3;6;1;
396;Heinrichstraße;7;5;7;2;5;
397;Heinrich-Zille-Weg;6;1;3;6;1;
398;Heisterfeldstraße;10;10;20;4;10;
399;Heisterweg;8;10;19;5;10;
400;Helenenstraße;6;1;3;6;1;
401;Helmholtzstraße;2;3;5;3;3;
402;Helmutstraße;7;6;13;2;6;
403;Henri-Dunant-Straße;6;1;3;6;1;
404;Henriettenweg;5;6;10;5;6;
405;Herbertstraße;7;6;13;2;6;
406;Herderstraße;8;8;15;5;8;
407;Herkenweg;1;5;4;2;5;
408;Hermann-Löns-Weg;6;1;3;6;1;
409;Hermann-Meiwes-Straße;6;1;3;6;1;
410;Hermannstraße;7;5;4;2;5;
411;Hermann-Vennemann-Straße;10;9;11;4;9;
412;Hermelinweg;7;5;13;2;5;
413;Herzogstraße;4;9;18;3;9;
414;Hinter dem Acker;10;9;11;4;9;
415;Hinter der Bahn;7;3;4;2;3;
416;Hirtenweg;5;7;12;5;7;
417;Hochemmericher Straße;1;5;4;2;5;
418;Hochstraße;5;7;12;5;7;
419;Höferstraße;6;1;3;6;1;
420;Hoffnungsstraße;3;10;16;3;10;
421;Hofkamp;7;5;13;2;5;
422;Hofstraße;6;1;3;6;1;
423;Hohenforsterweg;6;1;3;6;1;
424;Höhenweg;6;1;3;6;1;
425;Hoher Weg;4;9;20;4;9;
426;Holbeinstraße;1;4;2;2;4;
427;Holderberger Straße;6;2;1;6;2;
428;Hölderlinstraße;8;8;15;5;8;
429;Holunderstraße;8;10;19;5;10;
430;Homberger Straße (1-109 und 2-120);0;0;0;0;0;1
431;Homberger Straße (111-205 und 122-208);7;6;13;2;6;
432;Homberger Straße (207 / 240 bis Ende);7;6;13;2;6;
433;Hopfenstraße;2;3;17;3;3;
434;Horstmannsweg;4;9;14;3;9;
435;Hourtenhofstraße;4;9;18;4;9;
436;Hubertusstraße;3;2;8;3;2;
437;Huckstraße;10;10;20;4;10;
438;Hügelstraße;1;4;6;2;4;
439;Hugostraße;7;5;13;2;5;
440;Hülsdonker Straße;3;2;14;3;2;
441;Hülshorstweg;6;1;14;6;1;
442;Hülskensweg;6;1;3;6;1;
443;Humboldtstraße;2;3;5;3;3;
444;Illbrucksweg;6;1;1;6;1;
445;Illerstraße;6;1;3;6;1;
446;Im Angerfeld;8;10;19;5;10;
447;Im Binnefeld;10;10;19;5;10;
448;Im Boschfeld;8;10;19;5;10;
449;Im Bruch;7;6;7;2;6;
450;Im Bruckschefeld;6;1;3;6;1;
451;Im Felde;10;9;11;4;9;
452;Im Grünen Winkel;9;6;7;1;6;
453;Im Hackerfeld;1;5;4;2;5;
454;Im Haselbusch;6;1;14;6;1;
455;Im Hochfeld;10;10;20;4;10;
456;Im Kämpken;7;6;7;2;6;
457;Im Krähenfeld;10;10;20;4;10;
458;Im Kuhfeld;1;4;6;2;4;
459;Im Meerfeld;10;9;11;4;9;
460;Im Moerser Feld;3;10;14;1;10;
461;Im Niederfeld;10;9;11;4;9;
462;Im Ohl;2;3;5;3;3;
463;Im Rehwinkel;9;8;15;5;8;
464;Im Repelener Feld;10;9;11;4;9;
465;Im Rheinkamper Feld;10;9;11;4;9;
466;Im Ring;10;9;11;4;9;
467;Im Rosenthal;3;3;8;3;3;
468;Im Schommer;8;8;15;5;8;
469;Im Schroersfeld;3;2;14;3;2;
470;Im Schwarzen Bruch;6;1;3;6;1;
471;Im Utforter Feld;8;10;19;5;10;
472;Im Weidekamp;6;2;1;6;2;
473;Im Weißen Hag;10;9;11;4;9;
474;Im Winkel;6;2;1;6;2;
475;In den Gärten;6;1;3;6;1;
476;In den Weiden;3;2;14;3;2;
477;In der Dong;4;9;14;3;9;
478;In Sandfort;4;9;14;3;9;
479;Industriestraße;6;1;3;6;1;
480;Insterburger Straße;10;9;11;4;9;
481;Isarstraße;6;1;3;6;1;
482;Isergebirgsstraße;8;10;19;5;10;
483;Jägerstraße;8;10;19;5;10;
484;Jahnstraße;9;8;9;1;8;
485;Jakob-Schroer-Straße;9;8;15;5;8;
486;Jakobweg;7;2;13;2;2;
487;James-Krüss-Straße;6;1;3;6;1;
488;Jan-Hus-Straße;1;4;6;2;4;
489;Joachimstraße;5;6;10;5;6;
490;Jockenstraße;8;10;19;5;10;
491;Johann-Steegmann-Allee;4;9;20;4;9;
492;Josef-Peil-Weg;8;10;19;5;10;
493;Josefstraße;2;3;4;3;3;
494;Jüchenstraße;9;5;15;5;5;
495;Julius-Genner-Straße;2;3;16;3;3;
496;Julius-Leber-Straße;2;3;8;3;3;
497;Jungbornstraße;4;9;18;4;9;
498;Jupiterweg;5;7;12;5;7;
499;Jütenstraße;8;10;19;5;10;
500;Kaiserstraße;2;3;4;3;3;
501;Kaldenhausener Straße;6;2;1;6;2;
502;Kamper Straße;4;9;18;3;9;
503;Kampstraße;8;10;19;5;10;
504;Kantstraße;2;3;5;3;3;
505;Karl-Hoffmeister-Platz;2;3;17;3;3;
506;Karl-Hoffmeister-Straße;2;3;17;3;3;
507;Karlstraße;7;6;13;2;6;
508;Karolingerstraße;8;10;19;5;10;
509;Kastanienstraße;6;2;1;6;2;
510;Kastell;3;3;8;3;3;
511;Katharinenstraße;6;1;3;6;1;
512;Käthe-Kollwitz-Straße;4;9;20;4;9;
513;Kattlachstraße;10;10;20;4;10;
514;Kattowitzer Straße;5;7;10;5;7;
515;Katzbachstraße;5;7;10;5;7;
516;Kautzstraße;2;3;17;3;3;
517;Keltenstraße;8;10;19;5;10;
518;Kendelstraße;1;4;6;2;4;
519;Keplerstraße;2;3;5;3;3;
520;Kiebitzweg;4;9;20;4;9;
521;Kiefernkamp;8;10;19;5;10;
522;Kiefernweg;6;2;1;6;2;
523;Kieselweg;7;5;7;2;5;
524;Kimbernstraße;8;10;19;5;10;
525;Kirchfeld;2;3;16;1;3;
526;Kirchstraße;3;3;8;3;3;
527;Kirchweg;1;4;6;2;4;
528;Kirschenallee;9;7;9;1;7;
529;Klapdorsweg;6;1;3;6;1;
530;Kleestraße;5;6;10;5;6;
531;Kleine Allee;3;3;8;3;3;
532;Kleiststraße;8;8;15;5;8;
533;Klever Platz;9;8;9;1;8;
534;Klever Straße;2;3;16;1;3;
535;Klodnitzstraße;5;7;10;5;7;
536;Klosterstraße;3;3;8;3;3;
537;Knappenstraße;9;8;9;1;8;
538;Kohlenhucker Weg;10;10;20;4;10;
539;Kohlenstraße;9;7;12;1;7;
540;Kometenstraße;5;7;12;5;7;
541;Königsberger Straße;9;6;7;1;6;
542;Konrad-Adenauer-Straße;10;9;11;4;9;
543;Konradstraße;2;3;4;2;3;
544;Konrad-Zuse-Straße;8;10;15;1;10;
545;Konstantinstraße;7;5;13;2;5;
546;Kopernikusstraße;10;9;11;4;9;
547;Korneliusstraße;2;3;4;3;3;
548;Körnerstraße;8;8;15;5;8;
549;Kornstraße;5;6;10;5;6;
550;Kranichstraße;3;2;8;3;2;
551;Kranzerhof;6;1;3;6;1;
552;"Krefelder Straße (1-97; 2-40)";3;2;14;3;2;
553;"Krefelder Straße (99-Ende; 42-Ende)";6;2;14;6;2;
554;Kressenstraße;8;10;19;5;10;
555;Kronenstraße;9;7;9;1;7;
556;Kronprinzenstraße;7;5;13;2;5;
557;Kuckucksweg;4;9;18;4;9;
558;Kühlerstraße;4;9;20;4;9;
559;Kuhlmannstraße;4;9;18;4;9;
560;Küppersweg;6;2;1;6;2;
561;Kurlandstraße;10;9;11;4;9;
562;Kurt-Schumacher-Allee;10;9;11;4;9;
563;Kurt-Tucholsky-Straße;6;1;3;6;1;
564;Kurze Straße;2;3;4;3;3;
565;Laakweg;1;4;6;2;4;
566;Landwehrstraße;2;3;16;3;3;
567;Lange Straße;4;9;18;4;9;
568;Länglingsweg;1;4;2;2;4;
569;Lärchenweg;6;2;1;6;2;
570;Latenweg;10;9;11;4;9;
571;Lauersforter Straße;6;2;1;6;2;
572;Lauersforter Waldweg;6;2;1;6;2;
573;Lauffstraße;4;9;18;3;9;
574;Lavendelstraße;8;10;19;5;10;
575;Lehmbruckstraße;1;4;2;2;4;
576;Leibnizstraße;2;3;5;3;3;
577;Leinestraße;6;1;3;6;1;
578;Leipziger Straße;2;4;4;2;4;
579;Leissstraße;9;8;9;1;8;
580;Lerchenstraße;3;2;8;3;2;
581;Lerschstraße;4;9;18;4;9;
582;Lessingstraße;8;8;15;5;8;
583;Leuschnerstraße;4;9;18;4;9;
584;Liebigstraße;2;3;5;3;3;
585;Liebrechtstraße;8;10;19;5;10;
586;Liegnitzer Weg;8;10;19;5;10;
587;Lilienweg;6;1;3;6;1;
588;Lindenstraße;9;8;9;1;8;
589;Linnbruchweg;6;1;3;6;1;
590;Lintforter Straße;4;9;18;3;9;
591;Lippestraße;9;8;9;1;8;
592;Lobelienweg;6;1;3;6;1;
593;Lockertstraße;7;5;4;2;5;
594;Lohestraße;5;7;10;5;7;
595;Lortzingstraße;6;1;3;6;1;
596;Lotharstraße;9;6;9;1;6;
597;Ludwig-Richter-Ring;1;4;2;2;4;
598;Ludwigstraße;6;1;3;6;1;
599;Luisenstraße;9;7;12;5;7;
600;Luiter Straße;6;1;3;6;1;
601;Lupinenweg;6;1;3;6;1;
602;Lützstraße;5;7;10;5;7;
603;Magnolienweg;4;9;20;4;9;
604;Maiblumenstraße;6;1;3;6;1;
605;Mainstraße;9;8;9;1;8;
606;Malmedyer Straße;9;8;9;1;8;
607;Malvenstraße;8;10;19;5;10;
608;Marc-Aurel-Straße;7;3;4;2;3;
609;Marderweg;7;5;13;2;5;
610;Margarethenstraße;1;4;6;2;4;
611;Maria-Djuk-Straße;1;4;6;2;4;
612;Maria-Juchacz-Straße;10;9;11;4;9;
613;Marienburger Straße;9;8;9;1;8;
614;Marienstraße;6;1;3;6;1;
615;Markt;4;10;18;3;10;
616;Marktstraße;8;10;19;5;10;
617;Marsweg;5;7;12;5;7;
618;Martin-Luther-Ring;1;4;6;2;4;
619;Martinstraße;2;3;4;2;3;
620;Masurenstraße;8;10;19;5;10;
621;Max-Beckmann-Straße;6;2;1;6;2;
622;Max-Planck-Straße;2;3;5;3;3;
623;Maxstraße;7;6;7;2;6;
624;Meerstraße;3;3;8;3;3;
625;Meisenweg;3;2;8;3;2;
626;Melanchthonstraße;1;4;6;2;4;
627;Melissenstraße;8;10;19;5;10;
628;Memelstraße;8;10;19;5;10;
629;Menzelstraße;1;4;2;2;4;
630;Mercatorstraße;2;3;17;3;3;
631;Merkurweg;5;7;12;5;7;
632;Merlinstraße;5;7;12;5;7;
633;Merowingerstraße;8;10;19;5;10;
634;Meteorstraße;5;7;12;5;7;
635;Mettlacher Straße;9;8;9;1;8;
636;Michael-Ende-Ring;6;1;3;6;1;
637;Mimosenweg;4;9;20;4;9;
638;Mittelstraße;2;3;17;3;3;
639;Moerser Benden;3;2;14;1;2;
640;Moerser Heide;7;5;13;2;5;
641;"Moerser Straße (1-99; 2-48)";6;1;3;6;1;
642;"Moerser Straße (115-181; 50-100)";6;1;1;6;1;
643;Mollbergstraße;8;8;15;5;8;
644;Moltkestraße;6;1;1;6;1;
645;Mönchsweg;10;10;20;4;10;
646;Mondweg;5;7;12;5;7;
647;Moosweg;5;6;10;5;6;
648;Moritzweg;7;5;13;2;5;
649;Moselstraße;9;8;9;1;8;
650;Möwenweg;3;2;8;3;2;
651;Mozartstraße;6;1;3;6;1;
652;Mühlenfeldstraße;10;10;20;4;10;
653;Mühlenstraße;3;2;14;1;2;
654;Mühlgrabenweg;10;9;11;4;9;
655;Münchenstraße;2;3;4;3;3;
656;Nachtigallenweg;3;2;8;3;2;
657;Nahestraße;6;1;3;6;1;
658;Narzissenweg;6;1;3;6;1;
659;Neckarstraße;9;8;9;1;8;
660;Nehrunger Weg;10;9;11;4;9;
661;Neißestraße;8;10;19;5;10;
662;Nelkenstraße;6;1;3;6;1;
663;Neptunweg;5;7;12;5;7;
664;Neuer Wall;3;3;16;3;3;
665;Neukirchener Straße;6;1;3;6;1;
666;Neumarkt;3;3;8;3;3;
667;Neustraße;3;3;8;3;3;
668;Nibelungenstraße;8;10;19;5;10;
669;Niederfeldweg;1;4;6;2;4;
670;Niederstraße;3;3;8;3;3;
671;Nieper Straße;6;1;3;6;1;
672;Niephauser Straße;4;9;18;4;9;
673;Nikolai-Martynenko-Weg;9;8;15;5;8;
674;Nikolaus-Groß-Straße;10;9;11;4;9;
675;Nikolausweg;1;4;6;2;4;
676;Norbertstraße;6;1;3;6;1;
677;Nordring;3;2;14;1;2;
678;Nordstraße;6;1;3;6;1;
679;Nußbaumweg;6;2;1;6;2;
680;Obere Birk;5;6;13;5;6;
681;Oberwallstraße;3;3;8;3;3;
682;Oderstraße;10;10;19;5;10;
683;Oedenburger Straße;9;8;9;1;8;
684;Oestrumer Straße;1;5;4;2;5;
685;Oleanderweg;4;9;20;4;9;
686;Oppelner Straße;5;7;10;5;7;
687;Orchideenstraße;6;1;3;6;1;
688;Orsoyer Allee;8;8;15;5;8;
689;Ostring;2;3;16;3;3;
690;Oststraße;10;10;20;4;10;
691;Otto-Hue-Straße;2;3;16;3;3;
692;Otto-Lilienthal-Straße;4;9;14;3;9;
693;Otto-Ottsen-Straße;2;3;5;3;3;
694;Ottostraße;7;6;7;2;6;
695;Packertstraße;7;5;13;2;5;
696;Pappelstraße;6;2;1;6;2;
697;Parkstraße;4;9;18;4;9;
698;Parsickstraße;3;2;14;3;2;
699;Pattbergstraße;10;10;20;4;10;
700;Paul-Keller-Straße;4;9;18;4;9;
701;Paul-Schmitthenner-Straße;7;6;7;2;6;
702;Paulstraße;6;1;3;6;1;
703;Pestalozzistraße;8;10;15;1;10;
704;Peterstraße;2;3;4;3;3;
705;Peter-Vischer-Straße;1;4;2;2;4;
706;Peter-Zimmer-Straße;9;6;7;1;6;
707;Pfefferstraße;3;3;8;3;3;
708;Pferdsweide;3;10;14;3;10;
709;Pinienweg;6;2;1;6;2;
710;Pirolweg;3;2;8;3;2;
711;Planetenstraße;5;7;12;5;7;
712;Platanenweg;6;2;1;6;2;
713;Plißstraße;10;10;20;4;10;
714;Plutoring;5;7;12;5;7;
715;Posener Straße;6;1;3;6;1;
716;Postillionstraße;4;9;18;4;9;
717;Prinzenstraße;2;3;8;3;3;
718;Pusenhof;4;9;18;4;9;
719;Pusenweg (in 2011 gestrichen);0;0;0;0;0;1
720;Raiffeisenstraße;4;9;14;3;9;
721;Rathausallee;8;10;11;5;10;
722;Rayer Straße;4;9;18;3;9;
723;Reichenbachstraße;2;3;5;3;3;
724;Reichweinstraße;2;3;4;3;3;
725;Reinhardstraße;2;3;4;3;3;
726;Reinhold-Büttner-Straße;10;9;11;4;9;
727;Reitweg;6;10;20;4;10;
728;Rembrandtstraße;1;4;2;2;4;
729;Repelener Straße;3;2;14;1;2;
730;"Rheinberger Straße (1-101; 2-104)";3;10;16;3;10;
731;"Rheinberger Straße (103-367; 106-310)";8;10;19;1;10;
732;"Rheinberger Straße (369-Ende; 312-Ende)";10;10;20;4;10;
733;Rheinkamper Straße;10;10;20;4;10;
734;Rheinlandstraße;10;10;20;4;10;
735;Rheinpreußenstraße;8;10;15;1;10;
736;Rheinstraße;6;1;3;6;1;
737;Ricardastraße;6;1;3;6;1;
738;Richard-Löchel-Straße;3;10;14;3;10;
739;Richardstraße;4;9;14;3;9;
740;Richard-Wagner-Straße;6;1;3;6;1;
741;Riesengebirgsstraße;8;10;19;5;10;
742;Rieserstraße;3;2;14;3;2;
743;Ringstraße;6;1;3;6;1;
744;Robert-Koch-Straße;6;1;3;6;1;
745;Robertstraße;1;4;4;2;4;
746;Robinienweg;6;2;1;6;2;
747;Roderichstraße;7;5;13;2;5;
748;"Römerstraße (1-375; 2-384)";1;5;4;2;5;
749;"Römerstraße (377-471a; 386-464)";7;5;13;2;5;
750;"Römerstraße (473-511; 466-522)";7;5;13;5;5;
751;"Römerstraße (513-629; 524-630)";9;5;15;5;5;
752;"Römerstraße (631-695; 632-706)";9;5;15;5;5;
753;Rominter Heide;10;9;11;4;9;
754;Röntgenweg;2;3;5;3;3;
755;Roseggerstraße;8;8;15;5;8;
756;Rosendahlstraße;6;1;3;6;1;
757;Rosenstraße;6;1;3;6;1;
758;Rosmarinweg;8;10;19;5;10;
759;Rotdornweg;6;2;1;6;2;
760;Rotkehlchenweg;3;2;8;3;2;
761;Rubensstraße;1;4;2;2;4;
762;Rudastraße;5;7;10;5;7;
763;Rudolfstraße;6;1;3;6;1;
764;Ruhrorter Straße;2;3;4;3;3;
765;Ruhrstraße;9;8;9;1;8;
766;Rungestraße;1;4;2;2;4;
767;Rüsterweg;8;10;19;5;10;
768;Rüttgersweg;3;2;8;3;2;
769;Saarbrücker Straße;9;8;9;1;8;
770;Saarstraße;6;1;3;6;1;
771;Sachsenstraße;1;5;4;2;5;
772;Salbeiweg;8;10;19;5;10;
773;Samlandstraße;10;9;11;4;9;
774;Sandforter Straße;4;9;14;3;9;
775;Sandsteinweg;7;5;7;2;5;
776;Sandstraße;5;6;10;5;6;
777;Saturnring;5;7;12;5;7;
778;Sauerbruchstraße;6;1;3;6;1;
779;Schaltbruchweg;6;1;3;6;1;
780;Schardeyshof;5;7;12;5;7;
781;Schauenhof;1;4;6;2;4;
782;Scherpenberger Straße;5;6;10;5;6;
783;Schietenweg;4;9;14;3;9;
784;Schillerstraße;8;8;15;5;8;
785;Schlägelstraße;9;8;9;1;8;
786;Schlehenstraße;8;10;19;5;10;
787;Schmale Straße;7;6;13;2;6;
788;Schmiedegasse;1;4;6;2;4;
789;Schöddungstraße;6;1;3;6;1;
790;Schöllingstraße;5;7;12;5;7;
791;Scholtenstraße;5;7;12;5;7;
792;Schopenhauerstraße;2;3;5;3;3;
793;Schubertstraße;6;1;3;6;1;
794;Schulstraße;6;1;3;6;1;
795;Schulze-Delitzsch-Straße;4;9;14;3;9;
796;Schürkampsweg;10;10;20;4;10;
797;Schustergasse;3;3;8;3;3;
798;Schwafheimer Weg;6;2;3;6;2;
799;Schwalbenstraße;3;2;8;3;2;
800;Schwanenring;3;2;8;3;2;
801;Schwanstraße;4;9;18;4;9;
802;Schwarzer Weg;1;4;6;2;4;
803;Sedanstraße;2;3;5;3;3;
804;Seeweg;1;4;2;2;4;
805;Seidelbastweg;8;10;19;5;10;
806;Seilstraße;9;8;9;1;8;
807;Seitenstraße;5;6;10;5;6;
808;Selma-Lagerlöf-Straße;6;1;3;6;1;
809;Seminarstraße;2;3;16;1;3;
810;Siedweg;1;4;2;2;4;
811;Siegfriedstraße;5;6;10;5;6;
812;Siegstraße;9;8;9;1;8;
813;Siemensweg;2;3;5;3;3;
814;Silberseeweg;6;1;3;6;1;
815;Sittardsweg;6;2;1;6;2;
816;Skirenstraße;8;10;19;5;10;
817;Sonnenring;5;7;12;5;7;
818;Sophienstraße;6;1;3;6;1;
819;Spechtweg;3;2;8;3;2;
820;Sperberweg;3;2;8;3;2;
821;Sperlingsweg;3;2;8;3;2;
822;Spichernstraße;2;3;5;3;3;
823;Spitzwegstraße;1;4;2;2;4;
824;Spreestraße;6;1;3;6;1;
825;Stappfeldstraße;10;10;20;4;10;
826;Starenweg;3;2;8;3;2;
827;Staufenstraße;8;10;19;5;10;
828;Stefanstraße;7;5;13;2;5;
829;Steigerstraße;0;0;0;0;0;1
830;Steinbrückenstraße;3;1;14;6;1;
831;Steinstraße;3;3;8;3;3;
832;Sternstraße;10;10;20;4;10;
833;Steubenstraße;6;1;1;6;1;
834;Stoberstraße;5;7;10;5;7;
835;Stormstraße;4;9;18;4;9;
836;Stufenweg;1;4;6;2;4;
837;Südring;2;3;8;3;3;
838;Südstraße;2;3;4;3;3;
839;Talstraße;4;9;18;4;9;
840;Tannenbergstraße;9;6;7;1;6;
841;Tannenstraße;6;2;1;6;2;
842;Taubenstraße;5;7;12;5;7;
843;Taxusweg;3;2;14;3;2;
844;Tersteegenstraße;2;3;17;3;3;
845;Tervoorter Waldweg;3;10;14;3;10;
846;Tervoortstraße;8;10;19;5;10;
847;Teutonenstraße;2;3;4;3;3;
848;Theodor-Heuss-Straße;10;9;11;4;9;
849;Thomas-Edison-Straße;4;9;14;3;9;
850;Thomas-Igl-Straße;3;2;14;3;2;
851;Thymianweg;8;10;19;5;10;
852;Tilsiter Straße;10;9;11;4;9;
853;Timmermansstraße;4;9;18;4;9;
854;Tirgrathsfeldweg;6;2;1;6;2;
855;Titusstraße;7;5;4;2;5;
856;Tonstraße;7;5;7;2;5;
857;Torallee;6;2;1;6;2;
858;Trajanstraße;9;7;9;1;7;
859;Trakehnenstraße;8;10;19;5;10;
860;Trebnitzer Straße;5;7;10;5;7;
861;Treibweg;5;6;13;5;6;
862;Trompeter Straße;1;5;4;2;5;
863;Tucheler Weg;8;10;19;4;10;
864;Tulpenstraße;6;1;3;6;1;
865;Uerdinger Straße (1-29 und 2-44);2;3;17;3;3;
866;Uerdinger Straße (31-133 und 46-138);2;3;17;3;3;
867;Uhlandstraße;8;8;15;5;8;
868;Ulmenstraße;6;2;1;6;2;
869;Ulrich-von-Hutten-Straße;8;8;15;5;8;
870;Universumplatz;5;7;12;5;7;
871;Unter den Erlen;5;6;10;5;6;
872;Unter den Kiefern;5;6;10;5;6;
873;Unter den Platanen;3;2;14;3;2;
874;Unterwallstraße;3;3;8;3;3;
875;Uranusring;5;7;12;5;7;
876;Van-Endert-Weg;8;10;19;5;10;
877;Veilchenweg;6;1;3;6;1;
878;Veit-Stoß-Straße;1;4;2;2;4;
879;Venloer Straße;2;2;14;3;2;
880;Venusweg;5;7;12;5;7;
881;Vereinsstraße;1;4;6;2;4;
882;Verholzerhof;6;1;3;6;1;
883;Vichter Acker;10;9;11;4;9;
884;Vierbaumer Weg;10;10;20;4;10;
885;Viertelsheideweg;6;2;1;6;2;
886;Viktoriastraße;5;6;10;5;6;
887;Vinner Straße;2;3;4;3;3;
888;Vinngrabenstraße;1;4;6;2;4;
889;Vinzenzstraße;2;3;16;1;3;
890;Voßrather Straße;2;3;4;3;3;
891;Wacholderstraße;1;4;6;2;4;
892;Wachtelweg;3;2;8;3;2;
893;Waldenburger Straße;8;10;19;5;10;
894;Waldmeisterstraße;8;10;19;5;10;
895;Waldsee;0;0;0;0;0;
896;Waldstraße;1;4;2;2;4;
897;Walpurgisstraße;3;2;14;3;2;
898;Walter-Karentz-Straße;6;1;3;6;1;
899;Walterstraße;2;3;4;3;3;
900;Warndtstraße;9;8;9;1;8;
901;Warthestraße;9;7;9;1;7;
902;Wedenhofstraße;10;9;11;4;9;
903;Wefortstraße;10;10;20;4;10;
904;Wehmstraße;6;1;3;6;1;
905;Weidenweg;6;2;1;6;2;
906;Weißdornweg;6;2;1;6;2;
907;Welfenstraße;8;10;19;5;10;
908;Werdauer Straße;9;8;9;1;8;
909;Wernerstraße;6;1;3;6;1;
910;Werrastraße;9;7;9;1;7;
911;Weserstraße;9;8;9;1;8;
912;Westerbruchstraße;5;7;10;5;7;
913;Wetterstraße;9;8;9;1;8;
914;Weyerstraße;3;2;14;3;2;
915;Weygoldstraße;2;3;16;3;3;
916;Wickenstraße;6;1;3;6;1;
917;Widukindstraße;1;5;4;2;5;
918;Wiedekamp;7;5;13;2;5;
919;Wiedstraße;2;3;8;3;3;
920;Wielandstraße;8;8;15;5;8;
921;Wienbergshof;8;10;19;5;10;
922;Wiesenpfad;6;2;1;6;2;
923;Wiesenstraße;5;6;10;5;6;
924;Wilfriedstraße;7;5;13;2;5;
925;Wilhelm-Anlahr-Straße;6;2;1;6;2;
926;Wilhelm-Busch-Weg;6;1;3;6;1;
927;Wilhelm-Müller-Straße;2;4;4;2;4;
928;Wilhelm-Schroeder-Straße;2;3;16;3;3;
929;Windmühlenstraße;4;9;20;4;9;
930;Winkelhauser Straße;1;5;4;2;5;
931;Winkelstraße;8;10;19;5;10;
932;Wittfeldstraße;0;0;0;0;0;1
933;Wolfgangstraße;7;3;4;3;3;
934;Wörthstraße;2;3;5;3;3;
935;Wupperstraße;6;1;3;6;1;
936;Xantener Straße;2;3;17;2;3;
937;Xeniastraße;7;3;4;2;3;
938;Zahnstraße;2;3;5;3;3;
939;Zechenstraße;5;6;10;5;6;
940;Zedernweg;1;4;6;2;4;
941;Zeisigweg;3;2;8;3;2;
942;Ziegelstraße;9;6;7;1;6;
943;Ziethenstraße;8;8;15;5;8;
944;Zillestraße;1;4;2;2;4;
945;Zinnastraße;5;7;10;5;7;
946;Zu den Tannen;5;6;10;5;6;
947;Zum Egelsberg;6;1;3;6;1;
948;Zum Flutgraben;3;2;14;3;2;
949;Zum Galgenberg;9;7;7;5;7;
950;Zum Giesenhof;4;9;14;3;9;
951;Zum Illbruckshof;6;2;1;6;2;
952;Zum Peschkensgraben;4;9;14;3;9;
953;Zum Schürmannsgraben;3;10;14;3;10;
954;Zum Ueltgesforthof;3;2;14;3;2;
955;Zur Alten Schmiede;3;2;14;3;2;
956;Zur Ladengasse;10;9;11;4;9;
957;Zur Schwafheimer Heide;1;4;2;2;4;
958;Zwickauer Straße;9;8;9;1;8;
959;Zwinglistraße;1;4;6;2;4;
960;Zypressenweg;6;2;1;6;2;
961;"Römerstraße (697-Ende; 708-Ende)";9;5;15;5;5;
962;Zum Bollwerk;2;3;16;1;3;
963;Bindestraße;1;4;6;2;4;
964;An der Cölve;1;4;6;2;4;
965;Pfarrer-Ulaga-Straße;9;6;9;1;6;
966;Heinz-Kremers-Straße;2;3;4;3;3;
967;Willy-Brandt-Allee;10;9;11;4;9;
968;Yitzhak-Rabin-Straße;10;9;18;3;9;
969;Olof-Palme-Straße;10;9;11;4;9;
970;Ludwig-Erhard-Straße;10;9;11;4;9;
971;Essenberger Straße (1-9 und 2-8);7;5;17;2;5;
972;Essenberger Straße (9a-115 und 10-116);7;5;17;2;5;
973;Knappschaftstraße;2;3;16;3;3;
974;Frieda-Nadig-Straße;7;5;13;2;5;
975;Helene-Weber-Straße;7;5;13;2;5;
976;Helene-Wessel-Straße;7;5;13;2;5;
977;James-Watt-Straße (Neukirchen-Vluyn);4;9;14;3;9;
978;Kerrygoldstraße  (Neukirchen-Vluyn);4;9;14;3;9;
979;Merbisstraße  (Neukirchen-Vluyn);4;9;14;3;9;
980;Rheinhausener Straße (1 -17 und 2 - 22);2;3;4;3;3;0
981;Rheinhausener Straße (19- 67a und 26-58);2;3;4;3;3;1
982;Rheinhausener Straße (entfällt 2017);0;0;0;0;0;1
983;Asberger Straße (01-56);2;3;4;2;3;
984;Asberger Straße (59 - 204);7;3;4;2;3;
985;Düsseldorfer Straße (1-55);2;4;6;2;4;
986;Düsseldorfer Straße (95 - 491);1;4;6;2;4;
987;Eickhausweg (Neukirchen-Vluyn);4;9;14;3;9;
988;"Homberger Straße (1-59; 2-60)";2;6;17;3;6;
989;"Homberger Straße (61 - 109; 62 - 120)";7;6;17;3;6;
990;Salvienweg;6;1;3;6;1;
991;Steigerstraße (Nr. 1 - 20);8;8;15;1;8;
992;Steigerstraße (Nr. 75 - 101a);8;8;15;5;8;
993;Wittfeldstraße (Nr. 1 - 38);2;3;15;1;3;
994;Wittfeldstraße (Nr. 49 - 71);8;3;15;1;3;