Straße;Restabfall;Biotonne;Papiertonne;Gelber Sack;Grünschnitt;Kehrtag
Abteistraße;2;3;8;2;3;
Achterrathsheideweg;6;1;3;5;1;
Ackerstraße;1;4;6;3;4;Do
Adam-Riese-Straße;2;3;4;2;3;
Adlerstraße;3;2;8;3;2;Fr
Adolf-Krummacher-Straße;3;3;17;2;3;
Agnesstraße;6;1;3;5;1;
Ahornstraße;6;2;1;5;2;
Akazienstraße;6;2;1;5;2;
Albert-Altwicker-Straße;8;10;19;6;10;
Albert-Schweitzer-Straße;6;1;3;5;1;
Albertstraße;6;1;3;5;1;
Alexander-Bell-Straße;4;10;14;3;10;Do
Alexander-Fleming-Weg;6;1;3;5;1;
Alexanderstraße;7;5;13;2;5;
Alex-Nöthen-Weg;9;6;7;1;6;
Alfredstraße;7;5;7;2;5;
Allmendestraße;4;9;20;6;9;Fr
Alsenstraße;9;8;9;1;8;Mo
Altdorferstraße;1;4;2;3;4;
Altenbruchstraße;1;4;6;3;4;
Alt-Hasselt-Straße;9;8;9;1;8;Mo
Altmarkt (*3);3;3;8;3;3;S1
Am Abelshof;4;9;18;3;9;
Am Achterrathshof;6;1;3;5;1;
Am Agnetenhof;10;2;1;5;2;
Am Anger;8;10;15;4;10;Do
Am Bahndamm;7;6;7;2;6;
Am Bendmannsfeld;6;1;3;5;1;Di
Am Boschhof;8;10;19;6;10;
Am Brink;10;2;3;5;2;
Am Burgfeld;1;4;4;2;4;Mo
Am Domacker;1;4;2;3;4;Do
Am Dorsterhof;10;1;14;5;1;
Am Eulendyck;6;1;3;5;1;
Am Feldrain;10;9;11;6;9;
Am Fonderschen;3;2;14;3;2;Fr
Am Förtgesgraben;10;2;1;5;2;
Am Frankenfeld;8;10;11;6;10;
Am Fünderich;3;10;16;3;10;
Am Geldermannshof;7;5;7;2;5;Di
Am Gerdtbach;5;7;12;4;7;
Am Hasloth;10;9;11;6;9;
Am Heckmannshof;10;2;14;3;2;
Am Heiligen Berg;1;4;2;3;4;Do
Am Holderstrauch;10;2;1;5;2;
Am Holtmannshof;6;2;1;5;2;
Am Hühnerort;7;5;4;2;5;
Am Hülsdonker Busch;10;2;14;3;2;
Am Impler Berg;10;10;20;6;10;
Am Jostenhof;4;2;14;3;2;Fr
Am Jungbornpark;4;9;18;6;9;Fr
Am Klömpkenshof;6;2;1;5;2;
Am Kolk;4;9;18;6;9;
Am Krähenacker;5;7;12;4;7;
Am Meerholz;4;9;18;6;9;Fr
Am Meetschenhof;8;10;19;6;10;
Am Moersbach;4;9;18;6;9;
Am Mönk;4;9;18;3;9;Fr
Am Mühlenteich;10;9;11;6;9;
Am Neukirchener Kanal;10;1;14;5;1;
Am Pandyck;7;5;13;2;5;
Am Pannenhof;7;5;13;2;5;
Am Pattberg;10;10;20;6;10;Fr
Am Peschkenhof;10;1;14;5;1;
Am Peterhof;6;2;1;5;2;
Am Schrapershof;1;4;6;3;4;
Am Schürmannshütt;4;2;14;3;2;Fr
Am Sportpark;7;3;4;2;3;
Am Sportzentrum;10;9;11;6;9;Fr
Am Steinbrink;1;4;6;3;4;
Am Utforter Graben (*1);8;10;19;6;10;Do
Am Viegenhof;10;9;11;6;9;
Am Vinnbusch;1;4;6;3;4;
Am Vutzhof;8;10;19;6;10;
Am Weidenbruch;6;1;3;5;1;
Am Wiesengrund;6;1;3;5;1;
Am Wolfsberg;9;7;7;1;7;Mo
Amalienstraße;6;1;3;5;1;Di
Amselstraße;4;9;18;6;9;
An den Eichen;8;10;19;6;10;
An den Hornbuchen;4;9;18;6;9;Fr
An der Beeke;5;7;12;4;7;
An der Berufsschule;2;3;17;2;3;Mi
An der Cölve;1;4;6;3;4;
An der Halde;9;8;9;1;8;Mo
An der Hees;10;9;11;6;9;
An der Linde;4;9;18;6;9;Fr
An der neuen Mühle;10;1;14;5;1;
An der Sandkull;4;9;20;6;9;Fr
An der Schneckull;10;9;11;6;9;
An Hoffmanns Büschken;10;2;14;3;2;
Andreasstraße;1;5;4;2;5;
Anemonenweg;6;1;3;5;1;
Anglerstraße;4;9;18;6;9;Fr
Annabergstraße;9;8;9;1;8;Mo
Annastraße;2;3;4;2;3;Di
Anrathsmünde;10;10;20;6;10;Fr
Antoniastraße;7;3;4;2;3;
Antoniusstraße;7;5;4;2;5;
Arminiusstraße;7;5;4;2;5;Mo
Arnikaweg;8;10;19;6;10;
Arnulfstraße;3;2;8;3;2;Fr
Asberger Straße;7;3;4;2;3;Mo
Asdonkshofstraße;10;10;20;6;10;
Asterlager Straße;1;5;4;2;5;
Asternstraße;6;1;3;5;1;Di
Aubruchsweg;6;2;1;5;2;
Auf dem Berg;7;5;7;2;5;
Auf dem Hügel;9;7;7;1;7;Mo
Auf der Düne;1;4;2;3;4;Di
Auf der Wehm;6;1;3;5;1;Di
Augustastraße;3;3;17;3;3;Mi
August-Macke-Straße;6;1;3;5;1;
Averdunkshof;2;3;5;2;3;
Azaleenweg;4;9;20;6;9;
Baerler Straße;3;10;16;1;10;Mo
Baggerstraße;5;10;15;6;10;
Bahnenstraße;5;7;12;4;7;
Bahnhofstraße (*1);6;1;3;5;1;Di
Bankstraße;3;3;16;3;3;Di
Barbarastraße;9;8;9;1;8;Mo
Bataverstraße;8;10;19;6;10;
Baudenstraße (*1);8;10;19;6;10;Mo
Baumstraße;8;10;19;6;10;Mo
Baustraße;3;3;16;1;3;Mi
Beckerathsweg;4;10;14;3;10;
Beckers Kull;10;9;11;6;9;
Beethovenstraße;6;1;3;5;1;Di
Begonienstraße;6;1;3;5;1;
Behringweg;2;3;5;2;3;
Bendmannstraße;6;1;3;5;1;Di
Bergahornstraße (*1);5;6;13;4;6;Di
Bergheideweg;10;2;1;5;2;
Bergheimer Straße;1;4;4;2;4;
Bergstraße;7;6;7;2;6;Di
Bergwerkstraße;8;10;15;1;10;Mi
Bernhardstraße;6;1;3;5;1;
Bernsbergerstraße;5;10;15;6;10;
Bernsteinstraße;10;9;11;6;9;Fr
Bernsweg;4;10;14;3;10;Do
Bertastraße;4;10;14;3;10;Do
Bert-Brecht-Straße;6;1;3;5;1;
Bethanienstraße;3;10;16;3;10;Mi
Bettenkamper Weg;10;1;14;5;1;
Beuthener Straße;9;8;9;1;8;Mo
Billstraße;10;10;20;6;10;
Bindestraße (Duisburg);1;4;6;3;4;
Birkenpaschhof;3;2;14;3;2;
Birkenstraße;6;2;1;5;2;
Birnenstraße;4;9;18;6;9;
Bismarckstraße;9;8;9;1;8;Mo
Blücherstraße;9;7;12;4;7;Mo
Blumenstraße;2;3;5;2;3;
Boberstraße;8;10;19;6;10;
Böckstraße;4;9;18;6;9;
Bogenstraße;2;3;4;2;3;
Böllerschenweg;10;1;14;5;1;
Boltenschütt;2;2;5;2;2;
Bonifatiusstraße;7;5;4;2;5;Mo
Boschheideweg (*1);6;2;1;5;2;Di
Brahmsstraße;6;1;3;5;1;
Breslauer Straße;9;7;9;1;7;
Breuelstraße;10;10;20;6;10;
Brieger Straße;5;7;10;4;7;
Brinkenhof;4;9;18;6;9;Fr
Bruchstraße;10;2;3;5;2;
Bruckschenweg;3;2;8;3;2;
Brückstraße;10;10;20;6;10;
Brüggerfeldweg;6;2;1;5;2;Di
Brunostraße;3;3;16;1;3;
Bucerstraße;1;4;6;3;4;
Buchenweg;6;2;1;5;2;
Buchmannstraße;9;6;7;1;6;
Budberger Weg;10;10;20;6;10;
Bullermannshof;4;10;14;3;10;Fr
Bunsenweg;2;3;5;2;3;
Bunzlauer Straße;5;7;10;4;7;
Burgstraße (*3);3;3;8;3;3;S1
Burgundenstraße;8;10;19;6;10;Do
Buschmannsweg;6;2;1;5;2;
Buschstraße;8;10;19;6;10;Do
Bussardweg;3;2;8;3;2;
Callunaweg;1;4;6;3;4;
Calvinstraße;1;4;6;3;4;
Carlo-Schmid-Straße (*1);10;9;11;6;9;Do
Carl-Peschken-Straße;4;10;14;3;10;Fr
Carl-von-Ossietzky-Straße;6;1;3;5;1;
Carl-Zeiss-Straße;4;10;14;3;10;Do
Cecilienstraße;5;6;13;2;6;Di
Charlottenstraße;6;1;3;5;1;
Chemnitzer Straße;2;4;4;2;4;Di
Cheruskerstraße;7;5;4;2;5;Mo
Christianstraße;7;5;7;2;5;
Christian-von-Wolff-Weg;2;3;5;2;3;Mi
Christine-Hirschmann-Weg;5;7;12;4;7;
Christine-Teusch-Straße;10;9;11;6;9;
Claudiusstraße;7;5;4;2;5;
Clausthalstraße;3;10;16;1;10;
Cloudtstraße (*1);3;3;16;1;3;Mi
Cranachstraße;1;4;2;3;4;Do
Crusestraße;3;3;16;3;3;
Dachsweg;8;10;15;1;10;
Daheimstraße;1;4;6;3;4;
Dahlienweg;6;1;3;5;1;
Damaschkestraße;7;6;13;2;6;
Danziger Straße;10;9;11;6;9;Fr
Davidstraße;7;5;7;2;5;
Dessauerstraße;8;10;15;4;10;Do
Diergardtstraße;2;3;5;2;3;Fr
Dieselstraße;5;7;12;4;7;
Diesterwegstraße;3;3;16;1;3;Mi
Dietrichstraße;7;6;13;2;6;
Dillschenweg;10;10;20;6;10;
Dohlenstraße;5;7;12;4;7;
Donaustraße;9;8;9;1;8;Mo
Dongrathshof;4;9;18;6;9;Fr
Dongstraße;4;10;14;3;10;
Dorfstraße;1;4;6;3;4;Do
Dorotheenstraße (*1);2;3;4;3;3;Mi
Dorsterfeldstraße;6;1;3;5;1;Di
Dr.-Berns-Straße;4;10;14;3;10;Fr
Dr.-Fabricius-Straße;2;3;5;2;3;
Dr.-Hermann-Bähr-Straße (*3);3;3;8;3;3;S2
Dr.-H.-Boschheidgen-Str. (*1);2;3;5;2;3;Fr
Dr.-Karl-Hirschberg-Straße;2;3;5;2;3;Fr
Drennesweg;4;10;14;3;10;Do
Dresdener Ring;2;4;4;3;4;Mi
Drinhausstraße;6;1;3;5;1;Di
Drosselstraße;4;9;18;6;9;Fr
Droste-Hülshoff-Straße;8;10;15;4;10;
Drususstraße;7;5;4;2;5;Mo
Duisburger Straße;5;6;10;4;6;Di
Düppelstraße;2;3;5;2;3;
Dürerstraße (*1);1;4;2;3;4;Do
Düsseldorfer Straße (*1);1;4;6;3;4;Do
Edmundstraße;6;1;3;5;1;
Eduardstraße;1;4;4;2;4;
Egonstraße;6;1;3;5;1;
Ehrenmalstraße;6;1;3;5;1;Di
Eibenweg;6;2;1;5;2;
Eichbuschweg;10;2;3;5;2;
Eichendorffstraße;4;9;18;6;9;Fr
Eichenstraße;5;6;13;4;6;Di
Eicker Grund;8;10;19;6;10;Mo
Eickschenweg;10;9;11;6;9;
Einsteinstraße;2;3;5;2;3;
Eisenbahnstraße;8;10;15;4;10;
Eisenstraße;9;8;9;1;8;Mo
Elbestraße;9;8;9;1;8;Mo
Elbinger Ring;8;10;19;6;10;
Elenastraße;7;3;4;2;3;
Elisabeth-Selbert-Straße;10;9;11;6;9;
Elisenstraße;6;1;3;5;1;
Elly-Heuss-Knapp-Weg;10;9;11;6;9;
Elsterfeldstraße;10;10;20;6;10;
Elsterstraße;5;7;12;4;7;Mo
Emanuelstraße;4;9;18;6;9;
Emil-Nolde-Straße;1;4;2;3;4;Do
Endstraße (*1);4;10;14;3;10;Do
Engelbertstraße;7;5;13;2;5;
Engelsberg;5;7;12;4;7;
Erftstraße;9;8;9;1;8;
Erich-Kästner-Straße (*1);6;1;3;5;1;Di
Erikaweg;1;4;6;3;4;
Erlenweg;6;2;1;5;2;
Ernst-Barlach-Straße;6;1;3;5;1;Di
Ernst-Holla-Straße;9;6;7;1;6;Mo
Ernststraße;7;6;13;2;6;
Erzgebirgsstraße;8;10;19;6;10;
Eschenweg;6;2;1;5;2;
Essenberger Straße von Nr. 1-9 und 2-8;7;3;17;3;3;Di
Essenberger Straße von Nr. 9a-115 und 10-116;7;3;17;2;3;Di
Essenberger Straße von Nr. 117-Ende und 118-Ende;7;3;13;2;3;Mo
Eulenweg;3;2;8;3;2;
Eupener Platz;9;8;9;1;8;Mo
Eupener Straße;9;8;9;1;8;Mo
Eurotec-Ring;8;10;15;1;10;Mi
Ewaldstraße;6;1;3;5;1;
Falkenweg;3;2;8;3;2;
Fasanenplatz;3;2;8;3;2;Fr
Fasanenstraße;3;2;8;3;2;Fr
Feldmannstraße;4;9;18;6;9;Fr
Feldstraße;3;3;16;3;3;
Felixweg;5;6;13;4;6;
Felkestraße;4;9;18;6;9;Fr
Fenchelstraße;8;10;19;6;10;
Ferdinandstraße;7;5;13;2;5;
Ferdinand-Zeppelin-Straße;4;10;14;3;10;Do
Feuerbachstraße;1;4;2;3;4;
Fichtenstraße;6;2;1;5;2;
Fieselstraße (*1,*2);3;3;8;3;3;S1
Filder Straße (*1);2;3;5;2;3;Fr
Finkstraße;4;9;18;6;9;Fr
Fliederweg;4;9;20;6;9;
Florastraße;7;5;13;2;5;
Flurweg;6;2;1;5;2;
Föhrenstraße;6;2;1;5;2;
Fontanestraße;8;10;15;4;10;Do
Forststraße;5;8;15;4;8;
Frankenstraße;8;10;19;6;10;
Franz-Haniel-Straße;5;6;10;4;6;Di
Franz-Marc-Straße;6;1;3;5;1;
Franz-Saumer-Weg;5;7;12;4;7;
Franzstraße;1;4;4;2;4;
Freiligrathstraße;4;9;18;3;9;Fr
Frieda-Nadig-Straße;7;5;13;2;5;
Friedenstraße;8;10;19;6;10;Do
Friedhofstraße;6;1;3;5;1;Di
Friedrich-Ebert-Straße;6;1;3;5;1;Di
Friedrich-Schelling-Straße;2;3;5;2;3;
Friedrichstraße (*3);3;3;8;3;3;S1
Friemersheimer Straße (*1);1;5;4;2;5;Mo
Friesenstraße;8;10;19;6;10;
Frietstraße;10;10;20;6;10;
Fritz-Husemann-Straße;10;9;11;6;9;
Fritz-Peters-Straße;6;1;3;5;1;
Fritz-Reuter-Straße;6;1;3;5;1;Di
Fröbelstraße;2;3;4;2;3;Mi
Fuchsienweg;6;1;3;5;1;
Fuldastraße;9;7;9;1;7;Mo
Gabelsbergerstraße;3;3;16;1;3;Mi
Galgenbergsheide;9;7;7;4;7;Mo
Gallierring;8;10;19;6;10;
Galmesweg;4;10;14;3;10;Do
Gartenstraße;2;3;5;2;3;Fr
Gaußstraße;2;3;5;2;3;Mi
Gebrüder-Grimm-Platz;6;1;3;5;1;
Geldernsche Straße (*1);10;2;14;3;2;Fr
Gellertstraße;3;3;16;1;3;
Genender Platz;4;10;14;3;10;Mo
Genender Weg;4;10;14;3;10;
Georgstraße;6;1;3;5;1;
Geranienstraße;6;1;3;5;1;Di
Gerhardstraße;7;5;13;2;5;Mo
Gerhart-Hauptmann-Straße;4;9;18;6;9;Fr
Germanenstraße;7;5;13;2;5;Mo
Germendonks Kamp;5;7;12;4;7;Mo
Germerdonkstraße;6;1;3;5;1;Di
Gertrud-Bäumer-Straße;10;9;11;6;9;
Gertrudenweg;6;1;3;5;1;
Gimpelweg;5;7;12;4;7;
Ginsterweg;1;4;6;3;4;
Gladiolenweg;6;1;3;5;1;
Gleiwitzer Straße;5;7;10;4;7;
Glogauer Straße;5;7;10;4;7;
Glückaufstraße;9;8;9;1;8;Mo
Glücksburger Straße;9;7;9;1;7;Mo
Goebenstraße;2;3;5;2;3;Mi
Goethestraße;3;3;17;2;3;
Goldammerweg;3;2;8;3;2;
Goldaper Weg;10;9;11;6;9;Fr
Goldberger Straße;5;7;10;4;7;
Görlitzer Straße;5;7;12;4;7;
Gotenstraße;7;5;13;2;5;
Grabenstraße;6;1;3;5;1;
Grafschafter Straße;5;7;9;1;7;
Greefstraße;3;3;16;3;3;
Grenzstraße;7;5;13;2;5;Mo
Greta-Rothe-Straße;7;5;13;4;5;
Grillparzerweg;8;10;15;6;10;
Grotfeldsweg;10;1;14;5;1;
Grubenstraße;4;9;18;6;9;
Grünberger Straße;5;7;10;4;7;
Grünbergstraße;4;10;14;3;10;Do
Grüner Weg;9;6;7;1;6;Fr
Grünewaldstraße;1;4;2;3;4;
Grüngürtel;4;9;18;6;9;Fr
Guntherstraße;7;5;13;2;5;
Gustav-Grossmann-Straße;10;9;11;6;9;Do
Gutenbergstraße (*1);5;8;15;4;8;Mo
Haagstraße (*2);3;3;8;3;3;Mi
Haarbeckstraße;4;9;18;6;9;
Habichtstraße;4;9;18;6;9;
Hadrianstraße;7;5;4;2;5;Mo
Haffstraße;10;9;11;6;9;Fr
Hagebuttenweg;8;10;19;6;10;
Hagenstraße;10;10;20;6;10;
Hainbuchenstraße;5;6;13;4;6;
Haldenstraße;9;8;9;1;8;Mo
Hammerstraße;9;8;9;1;8;Mo
Hanckwitzstraße;3;3;8;3;3;Mi
Händelstraße;6;1;3;5;1;Di
Hanns-Albeck-Platz;2;3;8;2;3;Mi
Hanns-Dieter-Hüsch-Platz (*3);3;3;8;3;3;S1
Hans-Böckler-Straße;6;1;3;5;1;Di
Hans-Sachs-Straße;8;10;15;6;10;Do
Hasenweg;10;2;14;3;2;Mi
Haspelstraße;5;6;10;4;6;Di
Hattropstraße (*1);5;7;12;4;7;Mo
Havelweg;8;10;19;6;10;
Hebbelstraße;8;10;15;6;10;Do
Hedwigstraße;6;1;3;5;1;
Hegelstraße;2;3;5;2;3;Mi
Heideweg;1;4;6;3;4;Do
Heiermannsweg;4;9;18;6;9;
Heimbergstraße;1;4;4;2;4;
Heinestraße;4;9;18;3;9;Fr
Heinrich-Hertz-Straße;4;10;14;3;10;Do
Heinrich-Mann-Straße;6;1;3;5;1;
Heinrichstraße;7;5;7;2;5;Di
Heinrich-Zille-Weg;6;1;3;5;1;Di
Heinz-Kremers-Straße;2;3;4;2;3;
Heisterfeldstraße;10;10;20;6;10;
Heisterweg;8;10;19;6;10;
Helenenstraße;6;1;3;5;1;
Helene-Weber-Straße;7;5;13;2;5;
Helene-Wessel-Straße;7;5;13;2;5;
Helmholtzstraße;2;3;5;2;3;Mi
Helmutstraße;7;6;13;2;6;
Henri-Dunant-Straße;6;1;3;5;1;Di
Henriettenweg;5;6;10;4;6;
Herbertstraße;7;6;13;2;6;
Herderstraße;8;10;15;4;10;Do
Herkenweg;1;5;4;2;5;Mo
Hermann-Löns-Weg;6;1;3;5;1;
Hermann-Meiwes-Straße;6;1;3;5;1;
Hermannstraße;7;5;4;2;5;Mo
Hermann-Vennemann-Straße;10;9;11;6;9;
Hermelinweg;7;5;13;2;5;Di
Herzogstraße;4;9;18;3;9;Fr
Hinter dem Acker;10;9;11;6;9;Fr
Hinter der Bahn;7;3;4;2;3;
Hirtenweg;5;7;12;4;7;
Hochemmericher Straße;1;5;4;2;5;Mo
Hochstraße;5;7;12;4;7;Mo
Höferstraße;6;1;3;5;1;Di
Hoffnungsstraße;3;10;16;3;10;Fr
Hofkamp;7;5;13;2;5;
Hofstraße;6;1;3;5;1;
Hohenforsterweg;6;1;3;5;1;
Höhenweg;6;1;3;5;1;
Hoher Weg (*1);4;9;20;6;9;Fr
Holbeinstraße;1;4;2;3;4;
Holderberger Straße (*1);6;2;1;5;2;Di
Hölderlinstraße (*1);8;10;15;4;10;Do
Holunderstraße;8;10;19;6;10;
Homberger Straße (*2) von Nr. 1-109 und 2-120;7;6;17;3;6;Di
Homberger Straße (*2) von Nr.  111-Ende und 122-Ende;7;6;13;2;6;Di
Hopfenstraße;3;3;17;3;3;
Horstmannsweg;4;10;14;3;10;
Hourtenhofstraße;4;9;18;6;9;Fr
Hubertusstraße;3;2;8;3;2;
Huckstraße;10;10;20;6;10;
Hügelstraße;1;4;6;3;4;
Hugostraße;7;5;13;2;5;
Hülsdonker Straße (*1);10;2;14;3;2;Mi
Hülshorstweg;10;1;14;5;1;
Hülskensweg;6;1;3;5;1;
Humboldtstraße;2;3;5;2;3;Mi
Illbrucksweg;10;1;1;5;1;
Illerstraße;6;1;3;5;1;
Im Angerfeld;8;10;19;6;10;
Im Binnefeld;8;10;19;6;10;
Im Boschfeld;8;10;19;6;10;
Im Bruch;7;6;7;2;6;Di
Im Bruckschefeld;6;1;3;5;1;Di
Im Felde;10;9;11;6;9;Fr
Im Grünen Winkel;9;6;7;1;6;
Im Hackerfeld;1;5;4;2;5;
Im Haselbusch;10;1;14;5;1;
Im Hochfeld;10;10;20;6;10;
Im Kä¤mpken;7;6;7;2;6;
Im Krähenfeld;10;10;20;6;10;
Im Kuhfeld;1;4;6;3;4;
Im Meerfeld;10;9;11;6;9;Fr
Im Moerser Feld;3;2;14;1;2;
Im Niederfeld;10;9;11;6;9;
Im Ohl (*1);2;3;5;2;3;Mi
Im Rehwinkel;5;8;15;4;8;
Im Repelener Feld;10;9;11;6;9;
Im Rheinkamper Feld;10;9;11;6;9;
Im Ring;10;9;11;6;9;
Im Rosenthal;3;3;8;3;3;Mi
Im Schommer;8;10;15;6;10;
Im Schroersfeld;10;2;14;3;2;Mi
Im Schwarzen Bruch;6;1;3;5;1;Di
Im Utforter Feld;8;10;19;6;10;
Im Weidekamp;6;2;1;5;2;
Im Weißen Hag;10;9;11;6;9;
Im Winkel;6;2;1;5;2;
In den Gärten;6;1;3;5;1;
In den Weiden;10;2;14;3;2;
In der Dong;4;10;14;3;10;
In Sandfort;4;10;14;3;10;
Industriestraße;6;1;3;5;1;Di
Insterburger Straße;10;9;11;6;9;
Isarstraße;6;1;3;5;1;
Isergebirgsstraße;8;10;19;6;10;Mo
Jägerstraße;8;10;19;6;10;
Jahnstraße;9;8;9;1;8;Mo
Jakob-Schroer-Straße;5;8;15;4;8;
Jakobweg;7;5;13;2;5;
James-Krüss-Straße;6;1;3;5;1;
James-Watt-Straße (Neukirchen-Vluyn);4;10;14;3;10;
Jan-Hus-Straße;1;4;6;3;4;
Joachimstraße (*1);5;6;10;4;6;Di
Jockenstraße;8;10;19;6;10;
Johann-Steegmann-Allee;4;9;20;6;9;Fr
Josef-Peil-Weg;8;10;19;6;10;
Josefstraße;2;3;4;2;3;Di
Jüchenstraße;5;5;15;4;5;
Julius-Genner-Straße;3;3;16;3;3;Mi
Julius-Leber-Straße;2;3;8;2;3;
Jungbornstraße;4;9;18;6;9;Fr
Jupiterweg;5;7;12;4;7;
Jütenstraße;8;10;19;6;10;
Kaiserstraße;2;3;4;2;3;Mi
Kaldenhausener Straße;6;2;1;5;2;
Kamper Straße (*1);4;9;18;3;9;Fr
Kampstraße (*1);8;10;19;6;10;Do
Kantstraße;2;3;5;2;3;Mi
Karl-Hoffmeister-Platz;3;3;17;2;3;Mi
Karl-Hoffmeister-Straße;3;3;17;2;3;
Karlstraße;7;6;13;2;6;Di
Karolingerstraße;8;10;19;6;10;
Kastanienstraße;6;2;1;5;2;
Kastell (*2);3;3;8;3;3;Mi
Katharinenstraße;6;1;3;5;1;
Käthe-Kollwitz-Straße;4;9;20;6;9;Fr
Kattlachstraße;10;10;20;6;10;
Kattowitzer Straße;5;7;10;4;7;Mo
Katzbachstraße;5;7;10;4;7;
Kautzstraße;3;3;17;3;3;Mi
Keltenstraße (*1);8;10;19;6;10;Do
Kendelstraße;1;4;6;3;4;
Keplerstraße;2;3;5;2;3;
Kerrygoldstraße  (Neukirchen-Vluyn);4;10;14;3;10;
Kiebitzweg;4;9;20;6;9;
Kiefernkamp;8;10;19;6;10;
Kiefernweg;6;2;1;5;2;
Kieselweg;7;5;7;2;5;
Kimbernstraße;8;10;19;6;10;
Kirchfeld;3;3;16;1;3;
Kirchstraße (*3);3;3;8;3;3;S1
Kirchweg;1;4;6;3;4;Do
Kirschenallee;9;7;9;1;7;Mo
Klapdorsweg;6;1;3;5;1;
Kleestraße;5;6;10;4;6;
Kleine Allee;3;3;8;3;3;Mi
Kleiststraße;8;10;15;4;10;Do
Klever Platz;9;8;9;1;8;Mo
Klever Straße;3;3;16;1;3;Mi
Klodnitzstraße;5;7;10;4;7;
Klosterstraße (*3);3;3;8;3;3;S1
Knappenstraße;9;8;9;1;8;Mo
Knappschaftstraße;9;3;16;3;3;Mi
Kohlenhucker Weg;10;10;20;6;10;
Kohlenstraße;5;7;12;1;7;
Kometenstraße;5;7;12;4;7;
Königsberger Straße;9;6;7;1;6;Mo
Konrad-Adenauer-Straße;10;9;11;6;9;Do
Konradstraße;7;3;4;2;3;Di
Konrad-Zuse-Straße;8;10;15;1;10;Mi
Konstantinstraße;7;5;13;2;5;
Kopernikusstraße;10;9;11;6;9;Fr
Korneliusstraße;2;3;4;2;3;
Körnerstraße (*1);8;10;15;6;10;Do
Kornstraße;5;6;10;4;6;Di
Kranichstraße;3;2;8;3;2;Fr
Kranzerhof;6;1;3;5;1;
Krefelder Straße (*1) von Nr. 1-97 und 2-40;3;2;14;3;2;Fr
Krefelder Straße (*1) von Nr. 99-Ende und 42-Ende;6;2;14;5;2;Fr
Kressenstraße;8;10;19;6;10;
Kronenstraße;9;7;9;1;7;
Kronprinzenstraße;7;5;13;2;5;Mo
Kuckucksweg;4;9;18;6;9;
Kühlerstraße;4;9;20;6;9;Fr
Kuhlmannstraße;4;9;18;6;9;Fr
Küppersweg;6;3;1;5;3;
Kurlandstraße;10;9;11;6;9;Fr
Kurt-Schumacher-Allee (*2);10;9;11;6;9;S3
Kurt-Tucholsky-Straße;6;1;3;5;1;Di
Kurze Straße;2;3;4;2;3;Di
Laakweg;1;4;6;3;4;
Landwehrstraße;3;3;16;3;3;Mi
Lange Straße;4;9;18;6;9;
Länglingsweg;1;4;2;3;4;Do
Lärchenweg;6;2;1;5;2;Di
Latenweg;10;9;11;6;9;
Lauersforter Straße;6;2;1;5;2;
Lauersforter Waldweg;6;2;1;5;2;
Lauffstraße;4;9;18;3;9;Fr
Lavendelstraße;8;10;19;6;10;
Lehmbruckstraße;1;4;2;3;4;
Leibnizstraße;2;3;5;2;3;Mi
Leinestraße;6;1;3;5;1;
Leipziger Straße;2;4;4;3;4;Mi
Leissstraße;9;8;9;1;8;
Lerchenstraße;3;2;8;3;2;
Lerschstraße;4;9;18;6;9;Fr
Lessingstraße;8;10;15;6;10;
Leuschnerstraße;4;9;18;6;9;Fr
Liebigstraße;2;3;5;2;3;
Liebrechtstraße (*1);8;10;19;6;10;Do
Liegnitzer Weg;8;10;19;6;10;
Lilienweg;6;1;3;5;1;
Lindenstraße;9;8;9;1;8;Mo
Linnbruchweg;6;1;3;5;1;
Lintforter Straße (*1);4;9;18;3;9;Fr
Lippestraße;9;8;9;1;8;Mo
Lobelienweg;6;1;3;5;1;
Lockertstraße;7;5;4;2;5;Mo
Lohestraße;5;7;10;4;7;
Lortzingstraße;6;1;3;5;1;Di
Lotharstraße;9;6;9;1;6;Mo
Ludwig-Erhard-Straße;10;5;11;6;5;Do
Ludwig-Richter-Ring;1;4;2;3;4;Do
Ludwigstraße;6;1;3;5;1;
Luisenstraße;5;7;12;4;7;
Luiter Straße;6;1;3;5;1;
Lupinenweg;6;1;3;5;1;
Lützstraße;5;7;10;4;7;
Magnolienweg;4;9;20;6;9;
Maiblumenstraße;6;1;3;5;1;
Mainstraße;9;8;9;1;8;Mo
Malmedyer Straße;9;8;9;1;8;Mo
Malvenstraße;8;10;19;6;10;
Marc-Aurel-Straße;7;3;4;2;3;
Marderweg;7;5;13;2;5;Di
Margarethenstraße;1;4;6;3;4;
Maria-Djuk-Straße (*1);1;4;6;3;4;Do
Maria-Juchacz-Straße;10;9;11;6;9;
Marienburger Straße;9;8;9;1;8;Mo
Marienstraße;6;1;3;5;1;
Markt;4;10;18;6;10;Do
Marktstraße;8;10;19;6;10;Do
Marsweg;5;7;12;4;7;
Martin-Luther-Ring;1;4;6;3;4;Do
Martinstraße;7;3;4;2;3;Di
Masurenstraße;8;10;19;6;10;
Max-Beckmann-Straße;10;2;1;5;2;
Max-Planck-Straße;2;3;5;2;3;
Maxstraße;7;6;7;2;6;
Mebisstraße (Neukirchen-Vluyn);4;10;14;3;10;
Meerstraße (*2);3;3;8;3;3;Mi
Meisenweg;3;2;8;3;2;
Melanchthonstraße;1;4;6;3;4;
Melissenstraße;8;10;19;6;10;
Memelstraße;8;10;19;6;10;Do
Menzelstraße;1;4;2;3;4;
Mercatorstraße;3;3;17;2;3;
Merkurweg;5;7;12;4;7;
Merlinstraße;5;7;12;4;7;
Merowingerstraße;8;10;19;6;10;Do
Meteorstraße;5;7;12;4;7;
Mettlacher Straße;9;8;9;1;8;Mo
Michael-Ende-Ring;6;1;3;5;1;Di
Mimosenweg;4;9;20;6;9;
Mittelstraße;3;3;17;3;3;
Moerser Benden;3;2;14;1;2;Fr
Moerser Heide;7;5;13;2;5;
Moerser Straße (*1) von Nr. 1-99 und 2-48;6;1;3;5;1;Di
Moerser Straße (*1) von Nr. 115-181 und 50-108;6;1;1;5;1;Di
Mollbergstraße;8;10;15;4;10;
Moltkestraße;10;1;1;5;1;
Mönchsweg;10;10;20;6;10;
Mondweg;5;7;12;4;7;
Moosweg;5;6;10;4;6;
Moritzweg;7;5;13;2;5;
Moselstraße;9;8;9;1;8;Mo
Möwenweg;3;2;8;3;2;
Mozartstraße;6;1;3;5;1;Di
Mühlenfeldstraße;10;10;20;6;10;Do
Mühlenstraße;3;2;14;1;2;Fr
Mühlgrabenweg;10;9;11;6;9;
Münchenstraße;2;4;4;2;4;Mi
Nachtigallenweg;3;2;8;3;2;
Nahestraße;6;1;3;5;1;
Narzissenweg;6;1;3;5;1;
Neckarstraße;9;8;9;1;8;Mo
Nehrunger Weg;10;9;11;6;9;
Neißestraße;8;10;19;6;10;Mo
Nelkenstraße;6;1;3;5;1;
Neptunweg;5;7;12;4;7;
Neuer Wall (*2);3;3;16;3;3;S2
Neukirchener Straße (*1);6;1;3;5;1;Di
Neumarkt (*2);3;3;8;3;3;S1
Neustraße (*2);3;3;8;3;3;S1
Nibelungenstraße;8;10;19;6;10;
Niederfeldweg;1;2;6;3;2;
Niederstraße (*3);3;3;8;3;3;S2
Nieper Straße;6;1;3;5;1;Di
Niephauser Straße (*1);4;9;18;6;9;Fr
Nikolai-Martynenko-Weg;5;8;15;4;8;
Nikolaus-Groß-Straße;10;9;11;6;9;
Nikolausweg;1;4;6;3;4;
Norbertstraße;6;1;3;5;1;
Nordring;3;2;14;1;2;Fr
Nordstraße;6;1;3;5;1;Di
Nußbaumweg;6;2;1;5;2;
Obere Birk;5;6;13;4;6;Di
Oberwallstraße (*2);3;3;8;3;3;S1
Oderstraße;8;10;19;6;10;Mo
Oedenburger Straße;9;8;9;1;8;Mo
Oestrumer Straße;1;5;4;2;5;Mo
Oleanderweg;4;9;20;6;9;
Olof-Palme-Straße;10;4;11;6;4;Do
Oppelner Straße;5;7;10;4;7;
Orchideenstraße;6;1;3;5;1;Di
Orsoyer Allee (*1);8;10;15;4;10;Do
Ostring;3;3;16;3;3;Mi
Oststraße;10;10;20;6;10;Do
Otto-Hue-Straße;3;3;16;3;3;Mi
Otto-Lilienthal-Straße;4;10;14;3;10;Do
Otto-Ottsen-Straße (*1);2;3;5;2;3;Mi
Ottostraße;7;6;7;2;6;Di
Packertstraße;7;5;13;2;5;Mo
Pappelstraße;6;2;1;5;2;
Parkstraße;4;9;18;6;9;Fr
Parsickstraße;3;2;14;3;2;Fr
Pattbergstraße (*1);10;10;20;6;10;Do
Paul-Keller-Straße;4;9;18;6;9;Fr
Paul-Schmitthenner-Straße;7;6;7;2;6;
Paulstraße;6;1;3;5;1;
Pestalozzistraße;8;10;15;1;10;
Peterstraße;2;3;4;2;3;
Peter-Vischer-Straße;1;4;2;3;4;
Peter-Zimmer-Straße (*1);9;6;7;1;6;Mo
Pfarrer-Ulaga-Straße;9;6;9;1;6;Mo
Pfefferstraße (*3);3;3;8;3;3;S1
Pferdsweide;4;10;14;3;10;Fr
Pinienweg;6;2;1;5;2;
Pirolweg;3;2;8;3;2;Fr
Planetenstraße;5;7;12;4;7;
Platanenweg;6;2;1;5;2;
Plißstraße;10;10;20;6;10;
Plutoring;5;7;12;4;7;
Posener Straße;6;1;3;5;1;
Postillionstraße;4;9;18;6;9;Fr
Prinzenstraße;2;3;8;2;3;Mi
Pusenhof;4;9;18;6;9;Fr
Raiffeisenstraße;4;10;14;3;10;Do
Rathausallee (*1);8;10;11;6;10;Do
Rayer Straße;4;9;18;3;9;
Reichenbachstraße;2;3;5;2;3;
Reichweinstraße;2;3;4;2;3;Mi
Reinhardstraße;2;3;4;2;3;
Reinhold-Büttner-Straße;10;9;11;6;9;Do
Reitweg;10;10;20;6;10;
Rembrandtstraße;1;4;2;3;4;Do
Repelener Straße (*1);3;10;14;1;10;Fr
Rheinberger Straße von Nr. 1-101 und 2-102;3;10;16;3;10;Fr
Rheinberger Straße von Nr. 103-367 und 104-310;8;10;19;1;10;Fr
Rheinberger Straße von Nr. 369-Ende und 312-Ende;10;10;20;6;10;Fr
Rheinhausener Straße ;2;3;4;2;3;Mi
Rheinkamper Straße;10;10;20;6;10;
Rheinlandstraße;10;10;20;6;10;Fr
Rheinpreußenstraße;8;10;15;1;10;Mi
Rheinstraße;6;1;3;5;1;Di
Ricardastraße;6;1;3;5;1;
Richard-Löchel-Straße;4;10;14;3;10;Fr
Richardstraße;4;10;14;3;10;
Richard-Wagner-Straße;6;1;3;5;1;Di
Riesengebirgsstraße;8;10;19;6;10;Mo
Rieserstraße;10;2;14;3;2;
Ringstraße;6;1;3;5;1;Di
Robert-Koch-Straße;6;1;3;5;1;Di
Robertstraße;1;4;4;2;4;Mo
Robinienweg;6;2;1;5;2;
Roderichstraße;7;5;13;2;5;
Römerstraße von Nr.  1-375 und 2-384;1;7;4;3;7;Mo
Römerstraße von Nr. 377-471a und 386-464;7;6;13;2;6;Mo
Römerstraße von Nr. 473-511 und 466-522;5;5;13;4;5;Mo
Römerstraße von Nr. 513-Ende und 524-Ende;5;5;15;4;5;Mo
Rominter Heide;10;9;11;6;9;
Röntgenweg;2;3;5;2;3;
Roseggerstraße;8;10;15;4;10;Do
Rosendahlstraße;6;1;3;5;1;
Rosenstraße;6;1;3;5;1;
Rosmarinweg;8;10;19;6;10;
Rotdornweg;6;2;1;5;2;
Rotkehlchenweg;3;2;8;3;2;Fr
Rubensstraße;1;4;2;3;4;Do
Rudastraße;5;7;10;4;7;
Rudolfstraße;6;1;3;5;1;
Ruhrorter Straße;7;8;4;2;8;
Ruhrstraße;9;8;9;1;8;Mo
Rungestraße;1;4;2;3;4;
Rüsterweg;8;10;19;6;10;
Rüttgersweg;3;2;8;3;2;Fr
Saarbrücker Straße;9;8;9;1;8;Mo
Saarstraße;6;1;3;5;1;
Sachsenstraße;1;5;4;2;5;
Salbeiweg;8;10;19;6;10;
Samlandstraße;10;9;11;6;9;
Sandforter Straße (*1);4;10;14;3;10;Mi
Sandsteinweg;7;5;7;2;5;
Sandstraße;5;6;10;4;6;Di
Saturnring;5;7;12;4;7;
Sauerbruchstraße;6;1;3;5;1;
Schaltbruchweg;10;1;3;5;1;
Schardeyshof;5;7;12;4;7;
Schauenhof;1;4;6;3;4;
Scherpenberger Straße;5;6;10;4;6;Di
Schietenweg;4;10;14;3;10;
Schillerstraße;8;10;15;4;10;Do
Schlägelstraße;9;8;9;1;8;Mo
Schlehenstraße;8;10;19;6;10;
Schmale Straße;7;6;13;2;6;
Schmiedegasse;1;4;6;3;4;
Schöddungstraße;6;1;3;5;1;
Schöllingstraße;5;7;12;4;7;
Scholtenstraße;5;7;12;4;7;
Schopenhauerstraße;2;3;5;2;3;Mi
Schubertstraße;6;1;3;5;1;Di
Schulstraße;6;1;3;5;1;Di
Schulze-Delitzsch-Straße;4;10;14;3;10;Do
Schürkampsweg;10;10;20;6;10;
Schustergasse(*3);3;3;8;3;3;S1
Schwafheimer Weg;10;2;3;5;2;
Schwalbenstraße;3;2;8;3;2;Fr
Schwanenring;3;2;8;3;2;Fr
Schwanstraße;4;9;18;6;9;
Schwarzer Weg;1;4;6;3;4;
Sedanstraße;2;3;5;2;3;
Seeweg;1;4;2;3;4;
Seidelbastweg;8;10;19;6;10;
Seilstraße;9;8;9;1;8;Mo
Seitenstraße;5;6;10;4;6;Di
Selma-Lagerlöf-Straße;6;1;3;5;1;
Seminarstraße;3;3;16;1;3;Mi
Siedweg;1;4;2;2;4;Mo
Siegfriedstraße;5;6;10;4;6;
Siegstraße;9;8;9;1;8;Mo
Siemensweg;2;3;5;2;3;
Silberseeweg;6;1;3;5;1;
Sittardsweg;6;2;1;5;2;
Skirenstraße;8;10;19;6;10;
Sonnenring;5;7;12;4;7;
Sophienstraße;6;1;3;5;1;
Spechtweg;3;2;8;3;2;
Sperberweg;3;2;8;3;2;Fr
Sperlingsweg;3;2;8;3;2;
Spichernstraße;2;3;5;2;3;Fr
Spitzwegstraße;1;4;2;3;4;
Spreestraße;6;1;3;5;1;
Stappfeldstraße;10;10;20;6;10;
Starenweg;3;2;8;3;2;
Staufenstraße;8;10;19;6;10;
Stefanstraße;7;5;13;2;5;
Steigerstraße (*1);8;10;15;1;10;Do
Steinbrückenstraße;10;1;14;5;1;
Steinstraße (*3);3;3;8;3;3;S1
Sternstraße;10;10;20;6;10;Do
Steubenstraße;10;1;1;5;1;
Stoberstraße;5;7;10;4;7;
Stormstraße;4;9;18;6;9;Fr
Stufenweg;1;4;6;3;4;
Südring;2;3;8;2;3;Mi
Südstraße;2;3;4;2;3;Mi
Talstraße;4;9;18;6;9;Fr
Tannenbergstraße;9;6;7;1;6;Mo
Tannenstraße;6;2;1;5;2;
Taubenstraße (*1);5;7;12;4;7;Mo
Taxusweg;10;2;14;3;2;Mi
Tersteegenstraße;3;3;17;2;3;
Tervoorter Waldweg;4;10;14;3;10;
Tervoortstraße;8;10;19;6;10;Do
Teutonenstraße;2;3;4;2;3;
Theodor-Heuss-Straße (*1);10;9;11;6;9;Do
Thomas-Edison-Straße;4;10;14;3;10;Do
Thomas-Igl-Straße;3;2;14;3;2;
Thymianweg;8;10;19;6;10;
Tilsiter Straße;10;9;11;6;9;Fr
Timmermansstraße;4;9;18;6;9;Fr
Tirgrathsfeldweg;6;2;1;5;2;
Titusstraße;7;5;4;2;5;
Tonstraße;7;5;7;2;5;
Torallee;6;2;1;5;2;
Trajanstraße;9;7;9;1;7;Mo
Trakehnenstraße;8;10;19;6;10;Do
Trebnitzer Straße;5;7;10;4;7;
Treibweg;5;6;13;4;6;
Trompeter Straße;1;5;4;2;5;
Tucheler Weg;8;10;19;6;10;
Tulpenstraße;6;1;3;5;1;
Uerdinger Straße (*2);2;3;17;2;3;Mi
Uhlandstraße;8;10;15;4;10;Do
Ulmenstraße;6;2;1;5;2;
Ulrich-von-Hutten-Straße;8;10;15;6;10;
Universumplatz;5;7;12;4;7;
Unter den Erlen;5;6;10;4;6;
Unter den Kiefern;5;6;10;4;6;
Unter den Platanen;10;2;14;3;2;
Unterwallstraße (*3);3;3;8;3;3;S2
Uranusring;5;7;12;4;7;
Van-Endert-Weg;8;10;19;6;10;
Veilchenweg;6;1;3;5;1;
Veit-Stoß-Straße;1;4;2;3;4;Do
Venloer Straße;2;2;14;2;2;
Venusweg;5;7;12;4;7;
Vereinsstraße;1;4;6;3;4;
Verholzerhof;6;1;3;5;1;
Vichter Acker;10;9;11;6;9;
Vierbaumer Weg;10;10;20;6;10;
Viertelsheideweg;6;2;1;5;2;Di
Viktoriastraße;5;6;10;4;6;Di
Vinner Straße (*1);2;3;4;2;3;Mi
Vinngrabenstraße;1;4;6;3;4;
Vinzenzstraße;3;3;16;1;3;Mi
Voßrather Straße;2;3;4;2;3;Di
Wacholderstraße;1;4;6;3;4;
Wachtelweg;3;2;8;3;2;
Waldenburger Straße;8;10;19;6;10;Mo
Waldmeisterstraße;8;10;19;6;10;
Waldstraße (*1);1;4;2;3;4;Do
Walpurgisstraße;10;2;14;3;2;
Walter-Karentz-Straße;6;1;3;5;1;
Walterstraße;2;3;4;2;3;Di
Warndtstraße;9;8;9;1;8;Mo
Warthestraße;9;7;9;1;7;
Wedenhofstraße;10;9;11;6;9;
Wefortstraße;10;10;20;6;10;
Wehmstraße;6;1;3;5;1;
Weidenweg;6;2;1;5;2;
Weißdornweg;6;2;1;5;2;
Welfenstraße;8;10;19;6;10;
Werdauer Straße;9;8;9;1;8;Mo
Wernerstraße;6;1;3;5;1;
Werrastraße;9;7;9;1;7;Mo
Weserstraße;9;8;9;1;8;Mo
Westerbruchstraße;5;7;10;4;7;Mo
Wetterstraße;9;8;9;1;8;Mo
Weyerstraße;10;2;14;3;2;Mi
Weygoldstraße;3;3;16;3;3;Mi
Wickenstraße;6;1;3;5;1;
Widukindstraße;1;5;4;2;5;
Wiedekamp;7;5;13;2;5;
Wiedstraße;2;3;8;2;3;Mi
Wielandstraße;8;10;15;4;10;
Wienbergshof;8;10;19;6;10;Do
Wiesenpfad;6;2;1;5;2;
Wiesenstraße;5;6;10;4;6;Di
Wilfriedstraße;7;5;13;2;5;
Wilhelm-Anlahr-Straße;10;2;1;5;2;
Wilhelm-Busch-Weg;6;1;3;5;1;Di
Wilhelm-Müller-Straße;2;4;4;3;4;Mi
Wilhelm-Schroeder-Straße;3;3;16;3;3;Mi
Willy-Brandt-Allee;10;2;11;6;2;Do
Windmühlenstraße ;4;9;20;6;9;Fr
Winkelhauser Straße (*1);1;5;4;2;5;Mo
Winkelstraße;8;10;19;6;10;
Wittfeldstraße;8;10;15;1;10;Mo
Wolfgangstraße;2;3;4;2;3;
Wörthstraße;2;3;5;2;3;Mi
Wupperstraße;6;1;3;5;1;
Xantener Straße;2;3;17;2;3;Mi
Xeniastraße;7;3;4;2;3;
Yitzhak-Rabin-Straße;4;2;18;3;2;Fr
Zahnstraße;2;3;5;2;3;Fr
Zechenstraße;5;6;10;4;6;Di
Zedernweg;1;4;6;3;4;
Zeisigweg;3;2;8;3;2;
Ziegelstraße;9;6;7;1;6;Mo
Ziethenstraße;8;10;15;4;10;Do
Zillestraße;1;4;2;3;4;Do
Zinnastraße;5;7;10;4;7;
Zu den Tannen (*1);5;6;10;4;6;Di
Zum Bollwerk;3;3;16;1;3;
Zum Egelsberg;6;1;3;5;1;
Zum Flutgraben;3;2;14;3;2;
Zum Galgenberg;9;7;7;4;7;Mo
Zum Giesenhof;4;10;14;3;10;
Zum Illbruckshof;10;2;1;5;2;
Zum Peschkensgraben;4;10;14;3;10;
Zum Schürmannsgraben;4;10;14;3;10;Fr
Zum Ueltgesforthof;3;2;14;3;2;
Zur Alten Schmiede;10;2;14;3;2;
Zur Ladengasse;10;9;11;6;9;Fr
Zur Schwafheimer Heide;1;4;2;3;4;Di
Zwickauer Straße;9;8;9;1;8;Mo
Zwinglistraße;1;4;6;3;4;
Zypressenweg;6;2;1;5;2;